label,centrality
"[Conservation assessment (Library of Congress, 3824)]",66.0
"[Conservation assessment (Library of Congress, 4053)]",63.0
"[Conservation assessment (Library of Congress, 3027)]",61.0
"[Conservation assessment (Library of Congress, 4357_005_001)]",59.0
"[Conservation assessment (Library of Congress, 3968)]",59.0
"[Conservation assessment (Library of Congress, 4388_101_01)]",58.0
"[Conservation assessment (Library of Congress, 3995)]",57.0
"[Conservation assessment (Library of Congress, 3494)]",56.0
"[Conservation assessment (Library of Congress, 3967)]",56.0
"[Conservation assessment (Library of Congress, 4240)]",55.0
"[Conservation assessment (Library of Congress, 3929)]",55.0
"[Conservation assessment (Library of Congress, 3928)]",54.0
"[Conservation assessment (Library of Congress, 4341)]",54.0
"[Conservation assessment (Library of Congress, 4247)]",54.0
"[Conservation assessment (Library of Congress, 3966)]",54.0
"[Conservation assessment (Library of Congress, 4265)]",53.0
"[Conservation assessment (Library of Congress, 2966)]",53.0
"[Conservation assessment (Library of Congress, 1697)]",53.0
"[Conservation assessment (Library of Congress, 2247)]",52.0
"[Conservation assessment (Library of Congress, 4165)]",52.0
"[Conservation assessment (Library of Congress, 4347_3)]",52.0
"[Conservation assessment (Library of Congress, 3927)]",51.0
"[Conservation assessment (Library of Congress, 529)]",49.0
"[Conservation assessment (Library of Congress, 3994)]",49.0
"[Conservation assessment (Library of Congress, 4539_003)]",49.0
"[Conservation assessment (Library of Congress, 4318_006)]",49.0
"[Conservation assessment (Library of Congress, 3819)]",49.0
"[Conservation assessment (Library of Congress, 4318_003)]",47.0
"[Conservation assessment (Library of Congress, 4318_001)]",47.0
"[Conservation assessment (Library of Congress, 4318_002)]",47.0
"[Conservation assessment (Library of Congress, 2687)]",47.0
"[Conservation assessment (Library of Congress, 4318_005)]",47.0
"[Conservation assessment (Library of Congress, 4164)]",44.0
"[Conservation assessment (Library of Congress, 2561)]",44.0
"[Conservation assessment (Library of Congress, 3674)]",44.0
"[Conservation assessment (Library of Congress, 4380)]",41.0
"[Conservation assessment (Library of Congress, 1657_001)]",27.5
"[Modification of Library of Congress, 3968]",17.0
"[Modification of Library of Congress, 3929]",17.0
"[Modification of Library of Congress, 3929]",17.0
"[Modification of Library of Congress, 3968]",17.0
"[Modification of Library of Congress, 3929]",16.0
"[Modification of Library of Congress, 3929]",16.0
"[Modification of Library of Congress, 4053]",16.0
"[Modification of Library of Congress, 3968]",16.0
"[Modification of Library of Congress, 4053]",15.0
"[Modification of Library of Congress, 4388_101_01]",15.0
"[Book (Library of Congress, 3824)]",14.75
"[Book (Library of Congress, 4053)]",14.0
"[Modification of Library of Congress, 4388_101_01]",14.0
"[Modification of Library of Congress, 3824]",13.0
"[Modification of Library of Congress, 4357_005_001]",13.0
"[Modification of Library of Congress, 3027]",13.0
"[Modification of Library of Congress, 3027]",13.0
"[Modification of Library of Congress, 3027]",13.0
"[Modification of Library of Congress, 3824]",12.0
"[Modification of Library of Congress, 4357_005_001]",12.0
"[Modification of Library of Congress, 3824]",11.0
"[Modification of Library of Congress, 2966]",11.0
"[Modification of Library of Congress, 1657_001]",11.0
"[Removal from Library of Congress, 1657_001]",11.0
"[Modification of Library of Congress, 4247]",11.0
"[Modification of Library of Congress, 3928]",11.0
"[Modification of Library of Congress, 2966]",11.0
"[Modification of Library of Congress, 1657_001]",11.0
"[Modification of Library of Congress, 4247]",11.0
"[Modification of Library of Congress, 1657_001]",11.0
"[Modification of Library of Congress, 4053]",11.0
"[Modification of Library of Congress, 3824]",11.0
"[Modification of Library of Congress, 3968]",11.0
"[Modification of Library of Congress, 1657_001]",11.0
"[Modification of Library of Congress, 3928]",11.0
"[Modification of Library of Congress, 4053]",11.0
"[Modification of Library of Congress, 3494]",11.0
"[Modification of Library of Congress, 1657_001]",11.0
"[Modification of Library of Congress, 3968]",11.0
"[Book (Library of Congress, 3027)]",10.8
"[Book (Library of Congress, 4539_003)]",10.75
"[Book (Library of Congress, 3994)]",10.75
"[Book (Library of Congress, 4318_006)]",10.75
"[Book (Library of Congress, 3819)]",10.75
"[Book (Library of Congress, 3968)]",10.6
"[Book (Library of Congress, 4357_005_001)]",10.6
"[Book (Library of Congress, 4388_101_01)]",10.4
"[Book (Library of Congress, 4318_005)]",10.25
"[Book (Library of Congress, 3995)]",10.2
"[Modification of Library of Congress, 2966]",10.0
"[Modification of Library of Congress, 2966]",10.0
"[Modification of Library of Congress, 3994]",10.0
"[Modification of Library of Congress, 2966]",10.0
"[Modification of Library of Congress, 4341]",10.0
"[Modification of Library of Congress, 2966]",10.0
"[Modification of Library of Congress, 3994]",10.0
"[Book (Library of Congress, 3967)]",10.0
"[Modification of Library of Congress, 4341]",10.0
"[Book (Library of Congress, 3494)]",10.0
"[Modification of Library of Congress, 2966]",10.0
"[Modification of Library of Congress, 2966]",10.0
"[Removal from Library of Congress, 4341]",10.0
"[Modification of Library of Congress, 4341]",10.0
"[Modification of Library of Congress, 4341]",10.0
"[Book (Library of Congress, 4240)]",9.8
"[Book (Library of Congress, 3929)]",9.6
"[Book (Library of Congress, 3966)]",9.6
"[Book (Library of Congress, 4341)]",9.6
"[Book (Library of Congress, 4247)]",9.4
"[Book (Library of Congress, 2966)]",9.4
"[Book (Library of Congress, 3928)]",9.4
"[Book (Library of Congress, 4265)]",9.4
"[Book (Library of Congress, 4347_3)]",9.2
"[Book (Library of Congress, 4165)]",9.2
"[Book (Library of Congress, 1697)]",9.2
"[Removal from Library of Congress, 3994]",9.0
"[Modification of Library of Congress, 4318_001]",9.0
"[Modification of Library of Congress, 1697]",9.0
"[Modification of Library of Congress, 3674]",9.0
"[Modification of Library of Congress, 4318_003]",9.0
"[Modification of Library of Congress, 4318_001]",9.0
"[Modification of Library of Congress, 3824]",9.0
"[Modification of Library of Congress, 3674]",9.0
"[Modification of Library of Congress, 4164]",9.0
"[Modification of Library of Congress, 3674]",9.0
"[Modification of Library of Congress, 4318_005]",9.0
"[Modification of Library of Congress, 4318_005]",9.0
"[Modification of Library of Congress, 4240]",9.0
"[Modification of Library of Congress, 4318_002]",9.0
"[Modification of Library of Congress, 3494]",9.0
"[Modification of Library of Congress, 3824]",9.0
"[Modification of Library of Congress, 4341]",9.0
"[Modification of Library of Congress, 4318_006]",9.0
"[Modification of Library of Congress, 3967]",9.0
"[Modification of Library of Congress, 3494]",9.0
"[Modification of Library of Congress, 4318_006]",9.0
"[Modification of Library of Congress, 4318_005]",9.0
"[Book (Library of Congress, 3927)]",9.0
"[Modification of Library of Congress, 3824]",9.0
"[Modification of Library of Congress, 4318_003]",9.0
"[Modification of Library of Congress, 4240]",9.0
"[Modification of Library of Congress, 3966]",9.0
"[Modification of Library of Congress, 4388_101_01]",9.0
"[Modification of Library of Congress, 3674]",9.0
"[Modification of Library of Congress, 2247]",9.0
"[Modification of Library of Congress, 2687]",9.0
"[Modification of Library of Congress, 4318_002]",9.0
"[Modification of Library of Congress, 2687]",9.0
"[Modification of Library of Congress, 4357_005_001]",9.0
"[Modification of Library of Congress, 4388_101_01]",9.0
"[Modification of Library of Congress, 4053]",9.0
"[Modification of Library of Congress, 4318_002]",9.0
"[Modification of Library of Congress, 4318_001]",9.0
"[Modification of Library of Congress, 3824]",9.0
"[Modification of Library of Congress, 4539_003]",9.0
"[Modification of Library of Congress, 3824]",9.0
"[Modification of Library of Congress, 3995]",9.0
"[Modification of Library of Congress, 4265]",9.0
"[Modification of Library of Congress, 4247]",9.0
"[Modification of Library of Congress, 4341]",9.0
"[Modification of Library of Congress, 3994]",9.0
"[Modification of Library of Congress, 3927]",9.0
"[Modification of Library of Congress, 4318_001]",9.0
"[Modification of Library of Congress, 3995]",9.0
"[Modification of Library of Congress, 3968]",9.0
"[Modification of Library of Congress, 3494]",9.0
"[Modification of Library of Congress, 4053]",9.0
"[Modification of Library of Congress, 4318_005]",9.0
"[Modification of Library of Congress, 2247]",9.0
"[Modification of Library of Congress, 3027]",9.0
"[Modification of Library of Congress, 3494]",9.0
"[Modification of Library of Congress, 4053]",9.0
"[Modification of Library of Congress, 2966]",9.0
"[Modification of Library of Congress, 3027]",9.0
"[Modification of Library of Congress, 4318_001]",9.0
"[Modification of Library of Congress, 4318_005]",9.0
"[Modification of Library of Congress, 3824]",9.0
"[Modification of Library of Congress, 4247]",9.0
"[Modification of Library of Congress, 1697]",9.0
"[Modification of Library of Congress, 4165]",9.0
"[Modification of Library of Congress, 3819]",9.0
"[Modification of Library of Congress, 4318_003]",9.0
"[Modification of Library of Congress, 3819]",9.0
"[Modification of Library of Congress, 2966]",9.0
"[Modification of Library of Congress, 4318_005]",9.0
"[Modification of Library of Congress, 3966]",9.0
"[Modification of Library of Congress, 4265]",9.0
"[Modification of Library of Congress, 3927]",9.0
"[Modification of Library of Congress, 3927]",9.0
"[Modification of Library of Congress, 3494]",9.0
"[Modification of Library of Congress, 4318_006]",9.0
"[Modification of Library of Congress, 4539_003]",9.0
"[Modification of Library of Congress, 4318_003]",9.0
"[Modification of Library of Congress, 4318_006]",9.0
"[Modification of Library of Congress, 4165]",9.0
"[Modification of Library of Congress, 3995]",9.0
"[Modification of Library of Congress, 4318_006]",9.0
"[Modification of Library of Congress, 3968]",9.0
"[Modification of Library of Congress, 4318_001]",9.0
"[Modification of Library of Congress, 4357_005_001]",9.0
"[Book (Library of Congress, 2247)]",9.0
"[Modification of Library of Congress, 4318_003]",9.0
"[Modification of Library of Congress, 3927]",9.0
"[Modification of Library of Congress, 4318_002]",9.0
"[Modification of Library of Congress, 4318_006]",9.0
"[Modification of Library of Congress, 4318_003]",9.0
"[Modification of Library of Congress, 4318_002]",9.0
"[Modification of Library of Congress, 3928]",9.0
"[Modification of Library of Congress, 3928]",9.0
"[Modification of Library of Congress, 3927]",9.0
"[Modification of Library of Congress, 4318_002]",9.0
"[Modification of Library of Congress, 3494]",9.0
"[Modification of Library of Congress, 4053]",9.0
"[Modification of Library of Congress, 3967]",9.0
"[Book (Library of Congress, 529)]",8.4
"[Book (Library of Congress, 4318_001)]",8.2
"[Book (Library of Congress, 4318_003)]",8.2
"[Book (Library of Congress, 4318_002)]",8.2
"[Modification of Library of Congress, 3995]",8.0
"[Modification of Library of Congress, 2561]",8.0
"[Modification of Library of Congress, 3967]",8.0
"[Modification of Library of Congress, 4347_3]",8.0
"[Modification of Library of Congress, 3995]",8.0
"[Modification of Library of Congress, 3994]",8.0
"[Modification of Library of Congress, 3928]",8.0
"[Modification of Library of Congress, 3994]",8.0
"[Modification of Library of Congress, 3994]",8.0
"[Modification of Library of Congress, 1657_001]",8.0
"[Modification of Library of Congress, 2561]",8.0
"[Modification of Library of Congress, 1697]",8.0
"[Modification of Library of Congress, 1697]",8.0
"[Modification of Library of Congress, 4347_3]",8.0
"[Modification of Library of Congress, 2561]",8.0
"[Modification of Library of Congress, 3995]",8.0
"[Modification of Library of Congress, 1697]",8.0
"[Modification of Library of Congress, 1697]",8.0
"[Modification of Library of Congress, 4164]",8.0
"[Modification of Library of Congress, 1697]",8.0
"[Modification of Library of Congress, 2561]",8.0
"[Modification of Library of Congress, 3995]",8.0
"[Book (Library of Congress, 2687)]",8.0
"[Modification of Library of Congress, 2561]",8.0
"[Modification of Library of Congress, 3995]",8.0
"[Modification of Library of Congress, 4240]",8.0
"[Modification of Library of Congress, 1697]",8.0
"[Book (Library of Congress, 1657_001)]",8.0
"[Modification of Library of Congress, 3995]",8.0
"[Modification of Library of Congress, 3966]",8.0
"[Modification of Library of Congress, 4347_3]",8.0
"[Modification of Library of Congress, 3995]",8.0
"[Book (Library of Congress, 3674)]",7.6
"[Book (Library of Congress, 4164)]",7.6
"[Book (Library of Congress, 2561)]",7.4
"[Modification of Library of Congress, 3927]",7.0
"[Book (Library of Congress, 4380)]",7.0
"[Modification of Library of Congress, 1697]",7.0
"[Modification of Library of Congress, 529]",7.0
"[Modification of Library of Congress, 4247]",7.0
"[Modification of Library of Congress, 2247]",7.0
"[Modification of Library of Congress, 4165]",7.0
"[Modification of Library of Congress, 3927]",7.0
"[Modification of Library of Congress, 3494]",7.0
"[Modification of Library of Congress, 4165]",7.0
"[Modification of Library of Congress, 3927]",7.0
"[Modification of Library of Congress, 4265]",7.0
"[Modification of Library of Congress, 1697]",7.0
"[Modification of Library of Congress, 1657_001]",7.0
"[Modification of Library of Congress, 529]",7.0
"[Modification of Library of Congress, 3494]",7.0
"[Modification of Library of Congress, 4265]",6.0
"[Modification of Library of Congress, 3968]",6.0
"[Modification of Library of Congress, 3819]",6.0
"[Modification of Library of Congress, 3819]",6.0
"[Modification of Library of Congress, 4265]",6.0
"[Modification of Library of Congress, 4247]",6.0
"[Modification of Library of Congress, 4265]",6.0
"[Modification of Library of Congress, 3819]",6.0
"[Modification of Library of Congress, 3968]",6.0
"[Modification of Library of Congress, 4539_003]",6.0
"[Modification of Library of Congress, 3928]",6.0
"[Modification of Library of Congress, 4240]",6.0
"[Modification of Library of Congress, 3928]",6.0
"[Modification of Library of Congress, 4247]",6.0
"[Modification of Library of Congress, 4240]",6.0
"[Modification of Library of Congress, 4265]",6.0
"[Modification of Library of Congress, 4357_005_001]",6.0
"[Modification of Library of Congress, 4265]",6.0
"[Modification of Library of Congress, 4247]",6.0
"[Modification of Library of Congress, 4347_3]",6.0
"[Modification of Library of Congress, 4347_3]",6.0
"[Modification of Library of Congress, 4388_101_01]",6.0
"[Modification of Library of Congress, 3967]",6.0
"[Modification of Library of Congress, 3928]",6.0
"[Modification of Library of Congress, 2966]",5.0
"[Addition to Library of Congress, 4318_003]",5.0
"[Modification of Library of Congress, 3027]",5.0
"[Addition to Library of Congress, 3824]",5.0
"[Addition to Library of Congress, 4341]",5.0
"[Addition to Library of Congress, 3967]",5.0
"[Addition to Library of Congress, 4165]",5.0
"[Addition to Library of Congress, 4265]",5.0
"[Modification of Library of Congress, 3027]",5.0
"[Modification of Library of Congress, 4380]",5.0
"[Addition to Library of Congress, 4539_003]",5.0
"[Addition to Library of Congress, 2966]",5.0
"[Addition to Library of Congress, 3027]",5.0
"[Modification of Library of Congress, 3027]",5.0
"[Modification of Library of Congress, 3027]",5.0
"[Addition to Library of Congress, 2247]",5.0
"[Addition to Library of Congress, 3674]",5.0
"[Removal from Library of Congress, 4380]",5.0
"[Removal from Library of Congress, 4341]",5.0
"[Modification of Library of Congress, 4380]",5.0
"[Modification of Library of Congress, 4380]",5.0
"[Addition to Library of Congress, 4318_001]",5.0
"[Addition to Library of Congress, 4247]",5.0
"[Addition to Library of Congress, 3966]",5.0
"[Modification of Library of Congress, 529]",5.0
"[Addition to Library of Congress, 4357_005_001]",5.0
"[Addition to Library of Congress, 4318_005]",5.0
"[Addition to Library of Congress, 3928]",5.0
"[Modification of Library of Congress, 529]",5.0
"[Addition to Library of Congress, 4053]",5.0
"[Addition to Library of Congress, 4318_002]",5.0
"[Addition to Library of Congress, 529]",5.0
"[Modification of Library of Congress, 2687]",4.0
"[Modification of Library of Congress, 4318_002]",4.0
"[Modification of Library of Congress, 4164]",4.0
"[Modification of Library of Congress, 2561]",4.0
"[Modification of Library of Congress, 3966]",4.0
"[Modification of Library of Congress, 2687]",4.0
"[Modification of Library of Congress, 3929]",4.0
"[Modification of Library of Congress, 2561]",4.0
"[Modification of Library of Congress, 3819]",4.0
"[Modification of Library of Congress, 4318_001]",4.0
"[Modification of Library of Congress, 4318_003]",4.0
"[Bookblock (Library of Congress, 3824)]",3.125
"[Addition to Library of Congress, 2561]",3.0
"[Addition to Library of Congress, 4357_005_001]",3.0
"[Addition to Library of Congress, 4265]",3.0
"[Modification of Library of Congress, 3674]",3.0
"[Addition to Library of Congress, 3927]",3.0
"[Addition to Library of Congress, 4347_3]",3.0
"[Addition to Library of Congress, 3928]",3.0
"[Addition to Library of Congress, 4247]",3.0
"[Addition to Library of Congress, 3995]",3.0
"[Addition to Library of Congress, 3927]",3.0
"[Addition to Library of Congress, 3027]",3.0
"[Addition to Library of Congress, 3674]",3.0
"[Addition to Library of Congress, 529]",3.0
"[Addition to Library of Congress, 4165]",3.0
"[Addition to Library of Congress, 529]",3.0
"[Addition to Library of Congress, 3819]",3.0
"[Addition to Library of Congress, 3929]",3.0
"[Addition to Library of Congress, 4380]",3.0
"[Addition to Library of Congress, 3995]",3.0
"[Addition to Library of Congress, 3824]",3.0
"[Addition to Library of Congress, 2687]",3.0
"[Bookblock (Library of Congress, 4053)]",2.625
"[Bookblock (Library of Congress, 3994)]",2.5
"[Bookblock (Library of Congress, 4347_3)]",2.4
"[Bookblock (Library of Congress, 4539_003)]",2.25
"[Bookblock (Library of Congress, 1657_001)]",2.25
"[Bookblock (Library of Congress, 3819)]",2.25
"[Bookblock (Library of Congress, 2966)]",2.2
"[Bookblock (Library of Congress, 3967)]",2.2
"[Bookblock (Library of Congress, 4240)]",2.2
"[Bookblock (Library of Congress, 4341)]",2.2
"[Bookblock (Library of Congress, 3027)]",2.1
"[Bookblock (Library of Congress, 3674)]",2.1
"[Bookblock (Library of Congress, 2687)]",2.1
"[Bookblock (Library of Congress, 3927)]",2.1
"[Bookblock (Library of Congress, 2561)]",2.0
"[Bookblock (Library of Congress, 3966)]",2.0
"[Bookblock (Library of Congress, 4318_006)]",2.0
"[Bookblock (Library of Congress, 3995)]",2.0
"[Bookblock (Library of Congress, 4318_005)]",2.0
"[Bookblock (Library of Congress, 1697)]",2.0
"[Bookblock (Library of Congress, 2247)]",1.9
"[Bookblock (Library of Congress, 3494)]",1.9
"[Bookblock (Library of Congress, 529)]",1.9
"[Bookblock (Library of Congress, 4247)]",1.8
"[Bookblock (Library of Congress, 3968)]",1.8
"[Bookblock (Library of Congress, 4265)]",1.8
"[Bookblock (Library of Congress, 4388_101_01)]",1.8
"[Bookblock (Library of Congress, 3928)]",1.8
"[Bookblock (Library of Congress, 4357_005_001)]",1.8
"[Bookblock (Library of Congress, 4380)]",1.7
"[Bookblock (Library of Congress, 4165)]",1.6
"[Bookblock (Library of Congress, 3929)]",1.6
"[Bookblock (Library of Congress, 4318_003)]",1.6
"[Bookblock (Library of Congress, 4318_002)]",1.6
"[Bookblock (Library of Congress, 4318_001)]",1.6
"[Bookblock (Library of Congress, 4164)]",1.6
"[Cover (Library of Congress, 4053)]",1.3
"[Cover (Library of Congress, 3968)]",1.0769230769230769
"[Conservation treatment date (Library of Congress, 4318_005)]",1.0
"[Conservation treatment date (Library of Congress, 4318_001)]",1.0
"[Cover (Library of Congress, 4388_101_01)]",1.0
"[Conservation treatment date (Library of Congress, 3929)]",1.0
"[Conservation treatment date (Library of Congress, 4240)]",1.0
"[Conservation treatment date (Library of Congress, 3674)]",1.0
"[Conservation treatment date (Library of Congress, 2687)]",1.0
"[Conservation treatment date (Library of Congress, 2966)]",1.0
"[Cover (Library of Congress, 3824)]",1.0
"[Conservation treatment date (Library of Congress, 4539_003)]",1.0
"[Conservation treatment date (Library of Congress, 3995)]",1.0
"[Conservation treatment date (Library of Congress, 3966)]",1.0
"[Conservation treatment date (Library of Congress, 4357_005_001)]",1.0
"[Conservation treatment date (Library of Congress, 4318_003)]",1.0
"[Conservation treatment date (Library of Congress, 1657_001)]",1.0
"[Conservation treatment date (Library of Congress, 4165)]",1.0
"[Conservation treatment date (Library of Congress, 4265)]",1.0
"[Conservation treatment date (Library of Congress, 4380)]",1.0
"[Conservation treatment date (Library of Congress, 4164)]",1.0
"[Conservation treatment date (Library of Congress, 4053)]",1.0
"[Conservation treatment date (Library of Congress, 4318_002)]",1.0
"[Conservation treatment date (Library of Congress, 4341)]",1.0
"[Conservation treatment date (Library of Congress, 3968)]",1.0
"[Conservation treatment date (Library of Congress, 3824)]",1.0
"[Conservation treatment date (Library of Congress, 3494)]",1.0
"[Conservation treatment date (Library of Congress, 3994)]",1.0
"[Cover (Library of Congress, 3929)]",1.0
"[Conservation treatment date (Library of Congress, 3027)]",1.0
"[Conservation treatment date (Library of Congress, 4347_3)]",1.0
"[Conservation treatment date (Library of Congress, 3819)]",1.0
"[Conservation treatment date (Library of Congress, 529)]",1.0
"[Conservation treatment date (Library of Congress, 3928)]",1.0
"[Conservation treatment date (Library of Congress, 4318_006)]",1.0
"[Conservation treatment date (Library of Congress, 1697)]",1.0
"[Conservation treatment date (Library of Congress, 2247)]",1.0
"[Conservation treatment date (Library of Congress, 4247)]",1.0
"[Conservation treatment date (Library of Congress, 3927)]",1.0
"[Conservation treatment date (Library of Congress, 3967)]",1.0
"[Conservation treatment date (Library of Congress, 2561)]",1.0
"[Conservation treatment date (Library of Congress, 4388_101_01)]",1.0
"[Cover (Library of Congress, 3027)]",0.8461538461538461
"[Cover (Library of Congress, 4357_005_001)]",0.8333333333333334
"[Cover (Library of Congress, 3494)]",0.8181818181818182
"[Left board (Library of Congress, 4539_003)]",0.7777777777777778
"[Left board (Library of Congress, 3819)]",0.7777777777777778
"[Right board (Library of Congress, 3819)]",0.7777777777777778
"[Right board (Library of Congress, 4539_003)]",0.7777777777777778
"[Right board (Library of Congress, 3824)]",0.7
"[Left board (Library of Congress, 4053)]",0.7
"[Left board (Library of Congress, 3824)]",0.7
"[Right board (Library of Congress, 4053)]",0.7
"[Right board (Library of Congress, 2247)]",0.6363636363636364
"[Left board (Library of Congress, 4388_101_01)]",0.6363636363636364
"[Right board (Library of Congress, 4318_005)]",0.6363636363636364
"[Left board (Library of Congress, 4240)]",0.6363636363636364
"[Right board (Library of Congress, 4341)]",0.6363636363636364
"[Left board (Library of Congress, 4165)]",0.6363636363636364
"[Left board (Library of Congress, 2247)]",0.6363636363636364
"[Right board (Library of Congress, 3995)]",0.6363636363636364
"[Right board (Library of Congress, 4388_101_01)]",0.6363636363636364
"[Left board (Library of Congress, 1697)]",0.6363636363636364
"[Left board (Library of Congress, 4357_005_001)]",0.6363636363636364
"[Left board (Library of Congress, 3966)]",0.6363636363636364
"[Right board (Library of Congress, 3967)]",0.6363636363636364
"[Right board (Library of Congress, 4265)]",0.6363636363636364
"[Left board (Library of Congress, 4341)]",0.6363636363636364
"[Left board (Library of Congress, 3967)]",0.6363636363636364
"[Right board (Library of Congress, 1697)]",0.6363636363636364
"[Right board (Library of Congress, 3966)]",0.6363636363636364
"[Left board (Library of Congress, 3995)]",0.6363636363636364
"[Right board (Library of Congress, 4357_005_001)]",0.6363636363636364
"[Right board (Library of Congress, 4318_006)]",0.6363636363636364
"[Left board (Library of Congress, 4318_006)]",0.6363636363636364
"[Right board (Library of Congress, 4240)]",0.6363636363636364
"[Left board (Library of Congress, 4318_005)]",0.6363636363636364
"[Right board (Library of Congress, 4165)]",0.6363636363636364
"[Left board (Library of Congress, 4265)]",0.6363636363636364
"[Cover (Library of Congress, 4318_006)]",0.625
"[Right board (Library of Congress, 4247)]",0.5833333333333334
"[Right board (Library of Congress, 3928)]",0.5833333333333334
"[Left board (Library of Congress, 2966)]",0.5833333333333334
"[Right board (Library of Congress, 2966)]",0.5833333333333334
"[Left board (Library of Congress, 3928)]",0.5833333333333334
"[Left board (Library of Congress, 3968)]",0.5833333333333334
"[Left board (Library of Congress, 4247)]",0.5833333333333334
"[Cover (Library of Congress, 3994)]",0.5833333333333334
"[Right board (Library of Congress, 3968)]",0.5833333333333334
"[Left board (Library of Congress, 3494)]",0.5384615384615384
"[Left board (Library of Congress, 4318_003)]",0.5384615384615384
"[Right board (Library of Congress, 3494)]",0.5384615384615384
"[Right board (Library of Congress, 4318_002)]",0.5384615384615384
"[Right board (Library of Congress, 4318_003)]",0.5384615384615384
"[Left board (Library of Congress, 4318_002)]",0.5384615384615384
"[Right board (Library of Congress, 4318_001)]",0.5384615384615384
"[Left board (Library of Congress, 4318_001)]",0.5384615384615384
"[Textblock (Library of Congress, 4053)]",0.5
"[Cover (Library of Congress, 4164)]",0.5
"[Cover (Library of Congress, 3928)]",0.45454545454545453
"[Cover (Library of Congress, 4247)]",0.45454545454545453
"[Left board (Library of Congress, 3027)]",0.45454545454545453
"[Cover (Library of Congress, 3966)]",0.45454545454545453
"[Cover (Library of Congress, 4240)]",0.45454545454545453
"[Right board (Library of Congress, 3027)]",0.45454545454545453
"[Cover (Library of Congress, 3967)]",0.45454545454545453
"[Textblock (Library of Congress, 3824)]",0.4375
"[Cover (Library of Congress, 3995)]",0.42857142857142855
"[Cover (Library of Congress, 4165)]",0.4166666666666667
"[Cover (Library of Congress, 1697)]",0.4166666666666667
"[Textblock (Library of Congress, 2687)]",0.4117647058823529
"[Textblock (Library of Congress, 4341)]",0.4
"[Textblock (Library of Congress, 3994)]",0.4
"[Cover (Library of Congress, 3927)]",0.38461538461538464
"[Textblock (Library of Congress, 2966)]",0.38095238095238093
"[Sewing structure (Library of Congress, 4053)]",0.375
"[Sewing structure (Library of Congress, 3819)]",0.375
"[Left board (Library of Congress, 3994)]",0.375
"[Right board (Library of Congress, 3994)]",0.375
"[Textblock (Library of Congress, 1657_001)]",0.375
"[Sewing structure (Library of Congress, 3994)]",0.375
"[Sewing structure (Library of Congress, 4318_006)]",0.375
"[Sewing structure (Library of Congress, 3824)]",0.375
"[Cover (Library of Congress, 4318_005)]",0.375
"[Sewing structure (Library of Congress, 4539_003)]",0.375
"[Sewing structure (Library of Congress, 4318_005)]",0.375
"[Textblock (Library of Congress, 3674)]",0.3684210526315789
"[Cover (Library of Congress, 1657_001)]",0.35714285714285715
"[Textblock (Library of Congress, 3927)]",0.35
"[Attribute assignment date (Library of Congress, 3968)]",0.3333333333333333
"[Edges (Library of Congress, 3928)]",0.3333333333333333
"[Spine (Library of Congress, 4318_001)]",0.3333333333333333
"[Attribute assignment date (Library of Congress, 4164)]",0.3333333333333333
"[Edges (Library of Congress, 2966)]",0.3333333333333333
[Conservator],0.3333333333333333
[Conservator],0.3333333333333333
"[Outer joints (Library of Congress, 4388_101_01)]",0.3333333333333333
"[Inner joints (Library of Congress, 3968)]",0.3333333333333333
[Conservator],0.3333333333333333
"[Spine (Library of Congress, 2966)]",0.3333333333333333
[Conservator],0.3333333333333333
"[Inner joints (Library of Congress, 3995)]",0.3333333333333333
"[Attribute assignment date (Library of Congress, 4318_006)]",0.3333333333333333
[Conservator],0.3333333333333333
"[Edges (Library of Congress, 3027)]",0.3333333333333333
[Conservator],0.3333333333333333
"[Inner joints (Library of Congress, 3994)]",0.3333333333333333
"[Attribute assignment date (Library of Congress, 4240)]",0.3333333333333333
"[Attribute assignment date (Library of Congress, 4318_005)]",0.3333333333333333
[Conservator],0.3333333333333333
[Conservator],0.3333333333333333
"[Attribute assignment date (Library of Congress, 2247)]",0.3333333333333333
"[Attribute assignment date (Library of Congress, 3027)]",0.3333333333333333
[Conservator],0.3333333333333333
"[Attribute assignment date (Library of Congress, 3674)]",0.3333333333333333
"[Edges (Library of Congress, 3968)]",0.3333333333333333
"[Outer joints (Library of Congress, 3994)]",0.3333333333333333
"[Spine (Library of Congress, 3967)]",0.3333333333333333
"[Attribute assignment date (Library of Congress, 3994)]",0.3333333333333333
[Conservator],0.3333333333333333
[Conservator],0.3333333333333333
[Conservator],0.3333333333333333
[Conservator],0.3333333333333333
[Conservator],0.3333333333333333
"[Spine (Library of Congress, 4165)]",0.3333333333333333
"[Inner joints (Library of Congress, 3929)]",0.3333333333333333
"[Attribute assignment date (Library of Congress, 3824)]",0.3333333333333333
"[Attribute assignment date (Library of Congress, 4357_005_001)]",0.3333333333333333
[Conservator],0.3333333333333333
"[Outer joints (Library of Congress, 1657_001)]",0.3333333333333333
"[Edges (Library of Congress, 4247)]",0.3333333333333333
"[Edges (Library of Congress, 3928)]",0.3333333333333333
"[Attribute assignment date (Library of Congress, 3928)]",0.3333333333333333
[Conservator],0.3333333333333333
"[Spine (Library of Congress, 4341)]",0.3333333333333333
"[Outer joints (Library of Congress, 4240)]",0.3333333333333333
"[Spine (Library of Congress, 3928)]",0.3333333333333333
"[Attribute assignment date (Library of Congress, 1697)]",0.3333333333333333
"[Inner joints (Library of Congress, 3824)]",0.3333333333333333
"[Outer joints (Library of Congress, 4164)]",0.3333333333333333
"[Attribute assignment date (Library of Congress, 3995)]",0.3333333333333333
"[Spine (Library of Congress, 4318_002)]",0.3333333333333333
[Conservator],0.3333333333333333
[Conservator],0.3333333333333333
[Conservator],0.3333333333333333
[Conservator],0.3333333333333333
"[Edges (Library of Congress, 4053)]",0.3333333333333333
"[Attribute assignment date (Library of Congress, 4053)]",0.3333333333333333
"[Attribute assignment date (Library of Congress, 2687)]",0.3333333333333333
"[Spine (Library of Congress, 2247)]",0.3333333333333333
"[Attribute assignment date (Library of Congress, 3494)]",0.3333333333333333
[Conservator],0.3333333333333333
"[Attribute assignment date (Library of Congress, 4318_003)]",0.3333333333333333
"[Attribute assignment date (Library of Congress, 2966)]",0.3333333333333333
"[Attribute assignment date (Library of Congress, 4265)]",0.3333333333333333
[Conservator],0.3333333333333333
"[Attribute assignment date (Library of Congress, 4247)]",0.3333333333333333
"[Inner joints (Library of Congress, 3966)]",0.3333333333333333
[Conservator],0.3333333333333333
[Conservator],0.3333333333333333
"[Attribute assignment date (Library of Congress, 3927)]",0.3333333333333333
"[Edges (Library of Congress, 4053)]",0.3333333333333333
"[Textblock (Library of Congress, 4347_3)]",0.3333333333333333
"[Spine (Library of Congress, 4539_003)]",0.3333333333333333
"[Spine (Library of Congress, 4318_005)]",0.3333333333333333
[Conservator],0.3333333333333333
"[Inner joints (Library of Congress, 4265)]",0.3333333333333333
[Conservator],0.3333333333333333
"[Attribute assignment date (Library of Congress, 3966)]",0.3333333333333333
"[Attribute assignment date (Library of Congress, 4347_3)]",0.3333333333333333
"[Attribute assignment date (Library of Congress, 4388_101_01)]",0.3333333333333333
"[Attribute assignment date (Library of Congress, 4318_002)]",0.3333333333333333
[Conservator],0.3333333333333333
"[Spine (Library of Congress, 3966)]",0.3333333333333333
"[Edges (Library of Congress, 3824)]",0.3333333333333333
"[Attribute assignment date (Library of Congress, 4165)]",0.3333333333333333
"[Inner joints (Library of Congress, 3967)]",0.3333333333333333
[Conservator],0.3333333333333333
[Conservator],0.3333333333333333
[Conservator],0.3333333333333333
"[Spine (Library of Congress, 3027)]",0.3333333333333333
[Conservator],0.3333333333333333
"[Inner joints (Library of Congress, 4053)]",0.3333333333333333
[Conservator],0.3333333333333333
[Conservator],0.3333333333333333
"[Spine (Library of Congress, 3824)]",0.3333333333333333
"[Spine (Library of Congress, 4318_003)]",0.3333333333333333
"[Spine (Library of Congress, 4247)]",0.3333333333333333
"[Inner joints (Library of Congress, 3928)]",0.3333333333333333
[Conservator],0.3333333333333333
"[Edges (Library of Congress, 3968)]",0.3333333333333333
[Conservator],0.3333333333333333
"[Edges (Library of Congress, 3027)]",0.3333333333333333
"[Attribute assignment date (Library of Congress, 3819)]",0.3333333333333333
[Conservator],0.3333333333333333
[Conservator],0.3333333333333333
"[Attribute assignment date (Library of Congress, 3967)]",0.3333333333333333
"[Spine (Library of Congress, 3674)]",0.3333333333333333
[Conservator],0.3333333333333333
[Conservator],0.3333333333333333
"[Attribute assignment date (Library of Congress, 2561)]",0.3333333333333333
"[Outer joints (Library of Congress, 3968)]",0.3333333333333333
"[Spine (Library of Congress, 4265)]",0.3333333333333333
"[Attribute assignment date (Library of Congress, 4341)]",0.3333333333333333
[Conservator],0.3333333333333333
[Conservator],0.3333333333333333
"[Attribute assignment date (Library of Congress, 4318_001)]",0.3333333333333333
[Conservator],0.3333333333333333
[Conservator],0.3333333333333333
"[Spine (Library of Congress, 4357_005_001)]",0.3333333333333333
[Conservator],0.3333333333333333
"[Edges (Library of Congress, 4247)]",0.3333333333333333
[Conservator],0.3333333333333333
[Conservator],0.3333333333333333
"[Inner joints (Library of Congress, 4357_005_001)]",0.3333333333333333
"[Attribute assignment date (Library of Congress, 529)]",0.3333333333333333
"[Cover (Library of Congress, 4347_3)]",0.3333333333333333
"[Attribute assignment date (Library of Congress, 4539_003)]",0.3333333333333333
"[Edges (Library of Congress, 2966)]",0.3333333333333333
"[Outer joints (Library of Congress, 3929)]",0.3333333333333333
"[Spine (Library of Congress, 4053)]",0.3333333333333333
"[Edges (Library of Congress, 3824)]",0.3333333333333333
"[Attribute assignment date (Library of Congress, 4380)]",0.3333333333333333
"[Attribute assignment date (Library of Congress, 3929)]",0.3333333333333333
"[Spine (Library of Congress, 529)]",0.3333333333333333
[Conservator],0.3333333333333333
"[Textblock (Library of Congress, 3995)]",0.3157894736842105
"[Textblock (Library of Congress, 2247)]",0.3125
"[Textblock (Library of Congress, 4539_003)]",0.3076923076923077
"[Cover (Library of Congress, 4265)]",0.3076923076923077
"[Sewing structure (Library of Congress, 4164)]",0.3
"[Sewing structure (Library of Congress, 4247)]",0.3
"[Cover (Library of Congress, 2247)]",0.3
"[Sewing structure (Library of Congress, 4341)]",0.3
"[Sewing structure (Library of Congress, 3929)]",0.3
"[Sewing structure (Library of Congress, 3027)]",0.3
"[Sewing structure (Library of Congress, 4380)]",0.3
"[Sewing structure (Library of Congress, 4165)]",0.3
"[Sewing structure (Library of Congress, 3995)]",0.3
"[Cover (Library of Congress, 4318_002)]",0.3
"[Sewing structure (Library of Congress, 3967)]",0.3
"[Sewing structure (Library of Congress, 2561)]",0.3
"[Sewing structure (Library of Congress, 1697)]",0.3
"[Right board (Library of Congress, 3929)]",0.3
"[Right board (Library of Congress, 2687)]",0.3
"[Sewing structure (Library of Congress, 4388_101_01)]",0.3
"[Sewing structure (Library of Congress, 3928)]",0.3
"[Left board (Library of Congress, 529)]",0.3
"[Sewing structure (Library of Congress, 3674)]",0.3
"[Cover (Library of Congress, 4318_003)]",0.3
"[Sewing structure (Library of Congress, 3968)]",0.3
"[Left board (Library of Congress, 2687)]",0.3
"[Sewing structure (Library of Congress, 3494)]",0.3
"[Sewing structure (Library of Congress, 4265)]",0.3
"[Left board (Library of Congress, 3929)]",0.3
"[Sewing structure (Library of Congress, 2966)]",0.3
"[Sewing structure (Library of Congress, 529)]",0.3
"[Left board (Library of Congress, 4347_3)]",0.3
"[Sewing structure (Library of Congress, 3966)]",0.3
"[Sewing structure (Library of Congress, 4318_001)]",0.3
"[Sewing structure (Library of Congress, 2247)]",0.3
"[Cover (Library of Congress, 4318_001)]",0.3
"[Sewing structure (Library of Congress, 4318_003)]",0.3
"[Left board (Library of Congress, 3927)]",0.3
"[Sewing structure (Library of Congress, 2687)]",0.3
"[Sewing structure (Library of Congress, 4347_3)]",0.3
"[Right board (Library of Congress, 4347_3)]",0.3
"[Right board (Library of Congress, 529)]",0.3
"[Left board (Library of Congress, 4164)]",0.3
"[Sewing structure (Library of Congress, 3927)]",0.3
"[Sewing structure (Library of Congress, 4357_005_001)]",0.3
"[Textblock (Library of Congress, 2561)]",0.3
"[Right board (Library of Congress, 3927)]",0.3
"[Sewing structure (Library of Congress, 4318_002)]",0.3
"[Right board (Library of Congress, 4164)]",0.3
"[Sewing structure (Library of Congress, 4240)]",0.3
"[Textblock (Library of Congress, 529)]",0.29411764705882354
"[Textblock (Library of Congress, 3494)]",0.29411764705882354
"[Textblock (Library of Congress, 1697)]",0.2857142857142857
"[Cover (Library of Congress, 2966)]",0.2727272727272727
"[Cover (Library of Congress, 4341)]",0.2727272727272727
"[Textblock (Library of Congress, 3819)]",0.26666666666666666
"[Cover (Library of Congress, 529)]",0.25
"[Cover (Library of Congress, 4539_003)]",0.25
"[Cover (Library of Congress, 4380)]",0.25
"[Textblock (Library of Congress, 4357_005_001)]",0.25
"[Left board (Library of Congress, 1657_001)]",0.25
"[Textblock (Library of Congress, 4388_101_01)]",0.25
"[Sewing structure (Library of Congress, 1657_001)]",0.25
"[Textblock (Library of Congress, 3967)]",0.25
"[Right board (Library of Congress, 1657_001)]",0.25
"[Textblock (Library of Congress, 3968)]",0.23529411764705882
"[Textblock (Library of Congress, 4240)]",0.23529411764705882
"[Bookblock edges (Library of Congress, 3824)]",0.23076923076923078
"[Covering material (Library of Congress, 3027)]",0.22727272727272727
"[Cover (Library of Congress, 3819)]",0.2222222222222222
"[Textblock (Library of Congress, 4265)]",0.2222222222222222
"[Textblock (Library of Congress, 3928)]",0.2222222222222222
"[Textblock (Library of Congress, 4247)]",0.2222222222222222
[Conservator],0.2
[Conservator],0.2
"[Attribute assignment date (Library of Congress, 1657_001)]",0.2
"[Bookblock edges (Library of Congress, 4347_3)]",0.1875
"[Bookblock edges (Library of Congress, 3027)]",0.1875
"[Bookblock edges (Library of Congress, 4240)]",0.1875
"[Bookblock edges (Library of Congress, 3966)]",0.1875
"[Bookblock edges (Library of Congress, 3967)]",0.1875
"[Covering material (Library of Congress, 4053)]",0.17647058823529413
"[Covering material (Library of Congress, 3824)]",0.17647058823529413
"[Textblock (Library of Congress, 4380)]",0.17647058823529413
"[Cover (Library of Congress, 2687)]",0.16666666666666666
"[Covering material (Library of Congress, 3494)]",0.16666666666666666
"[Cover (Library of Congress, 2561)]",0.16666666666666666
"[Textblock (Library of Congress, 3027)]",0.15789473684210525
"[Bookblock edges (Library of Congress, 1657_001)]",0.15789473684210525
"[Textblock (Library of Congress, 4318_006)]",0.15384615384615385
"[Textblock (Library of Congress, 4318_005)]",0.15384615384615385
"[Covering material (Library of Congress, 4357_005_001)]",0.15
"[Covering material (Library of Congress, 4388_101_01)]",0.15
"[Covering material (Library of Congress, 3968)]",0.13636363636363635
"[Textblock (Library of Congress, 4318_001)]",0.125
"[Covering material (Library of Congress, 3929)]",0.125
"[Textblock (Library of Congress, 3929)]",0.125
"[Textblock (Library of Congress, 3966)]",0.125
"[Textblock (Library of Congress, 4165)]",0.125
"[Textblock (Library of Congress, 4318_002)]",0.125
"[Textblock (Library of Congress, 4164)]",0.125
"[Textblock (Library of Congress, 4318_003)]",0.125
"[New covers (Library of Congress, 3824)]",0.1111111111111111
"[New covers (Library of Congress, 4318_005)]",0.1111111111111111
"[New covers (Library of Congress, 4539_003)]",0.1111111111111111
"[New sewing (Library of Congress, 3824)]",0.1111111111111111
"[Left (Library of Congress, 3994)]",0.1111111111111111
"[Right (Library of Congress, 3994)]",0.1111111111111111
"[New covers (Library of Congress, 4053)]",0.1111111111111111
"[New sewing (Library of Congress, 3819)]",0.1111111111111111
"[Left (Library of Congress, 2561)]",0.1
"[Right (Library of Congress, 4380)]",0.1
"[Right (Library of Congress, 2561)]",0.1
"[Left (Library of Congress, 3674)]",0.1
"[Left (Library of Congress, 4380)]",0.1
"[Right (Library of Congress, 3674)]",0.1
"[New sewing (Library of Congress, 3929)]",0.09090909090909091
"[New sewing (Library of Congress, 3928)]",0.09090909090909091
"[Right (Library of Congress, 4347_3)]",0.09090909090909091
"[New covers (Library of Congress, 4341)]",0.09090909090909091
"[Right (Library of Congress, 3927)]",0.09090909090909091
"[New sewing (Library of Congress, 4247)]",0.09090909090909091
"[New covers (Library of Congress, 3966)]",0.09090909090909091
"[New sewing (Library of Congress, 4265)]",0.09090909090909091
"[New sewing (Library of Congress, 4380)]",0.09090909090909091
"[New covers (Library of Congress, 3967)]",0.09090909090909091
"[New sewing (Library of Congress, 4357_005_001)]",0.09090909090909091
"[Right (Library of Congress, 529)]",0.09090909090909091
"[New sewing (Library of Congress, 3927)]",0.09090909090909091
"[Left (Library of Congress, 3927)]",0.09090909090909091
"[Left (Library of Congress, 4347_3)]",0.09090909090909091
"[New sewing (Library of Congress, 529)]",0.09090909090909091
"[New covers (Library of Congress, 2966)]",0.09090909090909091
"[Right (Library of Congress, 3819)]",0.09090909090909091
"[New covers (Library of Congress, 4318_003)]",0.09090909090909091
"[New sewing (Library of Congress, 2561)]",0.09090909090909091
"[New covers (Library of Congress, 4265)]",0.09090909090909091
"[New covers (Library of Congress, 2687)]",0.09090909090909091
"[Right (Library of Congress, 4539_003)]",0.09090909090909091
"[New sewing (Library of Congress, 4165)]",0.09090909090909091
"[New covers (Library of Congress, 4357_005_001)]",0.09090909090909091
"[Left (Library of Congress, 4539_003)]",0.09090909090909091
"[New covers (Library of Congress, 4318_002)]",0.09090909090909091
"[New covers (Library of Congress, 4165)]",0.09090909090909091
"[New covers (Library of Congress, 4318_001)]",0.09090909090909091
"[Left (Library of Congress, 4164)]",0.09090909090909091
"[New covers (Library of Congress, 3927)]",0.09090909090909091
"[Left (Library of Congress, 3929)]",0.09090909090909091
"[New covers (Library of Congress, 2247)]",0.09090909090909091
"[New covers (Library of Congress, 529)]",0.09090909090909091
"[Cover (Library of Congress, 3674)]",0.09090909090909091
"[New covers (Library of Congress, 3928)]",0.09090909090909091
"[New covers (Library of Congress, 3027)]",0.09090909090909091
"[Right (Library of Congress, 4164)]",0.09090909090909091
"[New covers (Library of Congress, 4247)]",0.09090909090909091
"[Left (Library of Congress, 529)]",0.09090909090909091
"[New sewing (Library of Congress, 4347_3)]",0.09090909090909091
"[Right (Library of Congress, 3929)]",0.09090909090909091
"[New covers (Library of Congress, 529)]",0.09090909090909091
"[New sewing (Library of Congress, 3995)]",0.09090909090909091
"[New sewing (Library of Congress, 3674)]",0.09090909090909091
"[Right (Library of Congress, 2687)]",0.09090909090909091
"[New sewing (Library of Congress, 3027)]",0.09090909090909091
"[Left (Library of Congress, 2687)]",0.09090909090909091
"[Left (Library of Congress, 3819)]",0.09090909090909091
"[New covers (Library of Congress, 3995)]",0.09090909090909091
"[New covers (Library of Congress, 3674)]",0.09090909090909091
"[Right (Library of Congress, 3027)]",0.07692307692307693
"[Left (Library of Congress, 1657_001)]",0.07692307692307693
"[Bookblock spine (Library of Congress, 3994)]",0.07692307692307693
"[Spine (place) (Library of Congress, 4318_005)]",0.07692307692307693
"[Right (Library of Congress, 4318_005)]",0.07692307692307693
"[Left (Library of Congress, 3967)]",0.07692307692307693
"[Left (Library of Congress, 4165)]",0.07692307692307693
"[Spine (place) (Library of Congress, 4053)]",0.07692307692307693
"[Sewing supports (Library of Congress, 3824)]",0.07692307692307693
"[Right (Library of Congress, 4053)]",0.07692307692307693
"[Right (Library of Congress, 2247)]",0.07692307692307693
"[Bookblock spine (Library of Congress, 4053)]",0.07692307692307693
"[Left (Library of Congress, 4357_005_001)]",0.07692307692307693
"[Tail (Library of Congress, 4539_003)]",0.07692307692307693
"[Spine (place) (Library of Congress, 4539_003)]",0.07692307692307693
"[Left (Library of Congress, 3027)]",0.07692307692307693
"[Tail (Library of Congress, 4318_006)]",0.07692307692307693
"[Right (Library of Congress, 4539_003)]",0.07692307692307693
"[Head (Library of Congress, 4539_003)]",0.07692307692307693
"[Left (Library of Congress, 3966)]",0.07692307692307693
"[Sewing supports (Library of Congress, 4539_003)]",0.07692307692307693
"[Right (Library of Congress, 4053)]",0.07692307692307693
"[Left (Library of Congress, 4318_006)]",0.07692307692307693
"[Spine (place) (Library of Congress, 3819)]",0.07692307692307693
"[Bookblock spine (Library of Congress, 3819)]",0.07692307692307693
"[Right (Library of Congress, 4388_101_01)]",0.07692307692307693
"[Right (Library of Congress, 1657_001)]",0.07692307692307693
"[Head (Library of Congress, 3994)]",0.07692307692307693
"[Tail (Library of Congress, 4053)]",0.07692307692307693
"[Right (Library of Congress, 3967)]",0.07692307692307693
"[Sewing supports (Library of Congress, 4318_006)]",0.07692307692307693
"[Right (Library of Congress, 4240)]",0.07692307692307693
"[Tail (Library of Congress, 3824)]",0.07692307692307693
"[Spine (place) (Library of Congress, 3994)]",0.07692307692307693
"[Tail (Library of Congress, 4318_005)]",0.07692307692307693
"[Sewing supports (Library of Congress, 4318_005)]",0.07692307692307693
"[Left (Library of Congress, 4053)]",0.07692307692307693
"[Left (Library of Congress, 4341)]",0.07692307692307693
"[Left (Library of Congress, 3819)]",0.07692307692307693
"[Right (Library of Congress, 1697)]",0.07692307692307693
"[Right (Library of Congress, 4265)]",0.07692307692307693
"[Left (Library of Congress, 4240)]",0.07692307692307693
"[Left (Library of Congress, 3995)]",0.07692307692307693
"[Gold stamping (Library of Congress, 4318_006)]",0.07692307692307693
"[Right (Library of Congress, 3994)]",0.07692307692307693
"[Left (Library of Congress, 2247)]",0.07692307692307693
"[Right (Library of Congress, 4341)]",0.07692307692307693
"[Tail (Library of Congress, 3994)]",0.07692307692307693
"[Bookblock spine (Library of Congress, 3824)]",0.07692307692307693
"[Right (Library of Congress, 4318_006)]",0.07692307692307693
"[Bookblock spine (Library of Congress, 4318_005)]",0.07692307692307693
"[Right (Library of Congress, 3819)]",0.07692307692307693
"[Right (Library of Congress, 4357_005_001)]",0.07692307692307693
"[Right (Library of Congress, 3824)]",0.07692307692307693
"[Spine (place) (Library of Congress, 4318_006)]",0.07692307692307693
"[Right (Library of Congress, 3824)]",0.07692307692307693
"[Left (Library of Congress, 4053)]",0.07692307692307693
"[Sewing supports (Library of Congress, 3819)]",0.07692307692307693
"[Left (Library of Congress, 4265)]",0.07692307692307693
"[Bookblock spine (Library of Congress, 4318_006)]",0.07692307692307693
"[Right (Library of Congress, 4165)]",0.07692307692307693
"[Sewing supports (Library of Congress, 4053)]",0.07692307692307693
"[Left (Library of Congress, 1697)]",0.07692307692307693
"[Head (Library of Congress, 4318_006)]",0.07692307692307693
"[Tail (Library of Congress, 3819)]",0.07692307692307693
"[Head (Library of Congress, 3819)]",0.07692307692307693
"[Spine (place) (Library of Congress, 3824)]",0.07692307692307693
"[Right (Library of Congress, 3995)]",0.07692307692307693
"[Bookblock spine (Library of Congress, 4539_003)]",0.07692307692307693
"[Right (Library of Congress, 3966)]",0.07692307692307693
"[Head (Library of Congress, 4318_005)]",0.07692307692307693
"[Head (Library of Congress, 3824)]",0.07692307692307693
"[Left (Library of Congress, 3994)]",0.07692307692307693
"[Left (Library of Congress, 3824)]",0.07692307692307693
"[Sewing supports (Library of Congress, 3994)]",0.07692307692307693
"[Left (Library of Congress, 3824)]",0.07692307692307693
"[Left (Library of Congress, 4388_101_01)]",0.07692307692307693
"[Left (Library of Congress, 4539_003)]",0.07692307692307693
"[Left (Library of Congress, 4318_005)]",0.07692307692307693
"[Head (Library of Congress, 4053)]",0.07692307692307693
"[Left (Library of Congress, 3968)]",0.06666666666666667
"[Left (Library of Congress, 4318_005)]",0.06666666666666667
"[Broken (Library of Congress, 3819)]",0.06666666666666667
"[Detached (Library of Congress, 3819)]",0.06666666666666667
"[Right (Library of Congress, 3968)]",0.06666666666666667
"[Detached (Library of Congress, 4539_003)]",0.06666666666666667
"[Left (Library of Congress, 4318_006)]",0.06666666666666667
"[Left (Library of Congress, 2966)]",0.06666666666666667
"[Broken (Library of Congress, 4539_003)]",0.06666666666666667
"[Broken (Library of Congress, 4539_003)]",0.06666666666666667
"[Right (Library of Congress, 3928)]",0.06666666666666667
"[Right (Library of Congress, 4318_006)]",0.06666666666666667
"[Detached (Library of Congress, 3819)]",0.06666666666666667
"[Left (Library of Congress, 4247)]",0.06666666666666667
"[Left (Library of Congress, 3928)]",0.06666666666666667
"[Detached (Library of Congress, 4539_003)]",0.06666666666666667
"[Right (Library of Congress, 4318_005)]",0.06666666666666667
"[Broken (Library of Congress, 3819)]",0.06666666666666667
"[Right (Library of Congress, 2966)]",0.06666666666666667
"[Right (Library of Congress, 4247)]",0.06666666666666667
"[Spine (place) (Library of Congress, 2247)]",0.0625
"[Tail (Library of Congress, 4247)]",0.0625
"[Sewing supports (Library of Congress, 2247)]",0.0625
"[Sewing supports (Library of Congress, 3929)]",0.0625
"[Spine (place) (Library of Congress, 4318_002)]",0.0625
"[Right (Library of Congress, 2687)]",0.0625
"[Left (Library of Congress, 4347_3)]",0.0625
"[Head (Library of Congress, 2561)]",0.0625
"[Tail (Library of Congress, 3995)]",0.0625
"[Bookblock spine (Library of Congress, 4265)]",0.0625
"[Tail (Library of Congress, 4164)]",0.0625
"[Tail (Library of Congress, 3674)]",0.0625
"[Right (Library of Congress, 4240)]",0.0625
"[Spine (place) (Library of Congress, 3995)]",0.0625
"[Head (Library of Congress, 4357_005_001)]",0.0625
"[Right (Library of Congress, 2561)]",0.0625
"[Sewing supports (Library of Congress, 4318_003)]",0.0625
"[Left (Library of Congress, 4164)]",0.0625
"[Left (Library of Congress, 2561)]",0.0625
"[Tail (Library of Congress, 3967)]",0.0625
"[Head (Library of Congress, 3968)]",0.0625
"[Bookblock spine (Library of Congress, 3494)]",0.0625
"[Bookblock spine (Library of Congress, 4165)]",0.0625
"[Tail (Library of Congress, 2687)]",0.0625
"[Tail (Library of Congress, 4318_001)]",0.0625
"[Spine (place) (Library of Congress, 1697)]",0.0625
"[Spine (place) (Library of Congress, 4247)]",0.0625
"[Tail (Library of Congress, 529)]",0.0625
"[Left (Library of Congress, 3494)]",0.0625
"[Sewing supports (Library of Congress, 2966)]",0.0625
"[Tail (Library of Congress, 4318_003)]",0.0625
"[Right (Library of Congress, 4247)]",0.0625
"[Left (Library of Congress, 2966)]",0.0625
"[Spine (place) (Library of Congress, 3928)]",0.0625
"[Tail (Library of Congress, 4265)]",0.0625
"[Bookblock spine (Library of Congress, 4347_3)]",0.0625
"[Bookblock spine (Library of Congress, 3674)]",0.0625
"[Tail (Library of Congress, 4341)]",0.0625
"[Tail (Library of Congress, 4165)]",0.0625
"[Head (Library of Congress, 4318_002)]",0.0625
"[Tail (Library of Congress, 3966)]",0.0625
"[Sewing supports (Library of Congress, 3928)]",0.0625
"[Bookblock spine (Library of Congress, 3967)]",0.0625
"[Head (Library of Congress, 3929)]",0.0625
"[Right (Library of Congress, 3995)]",0.0625
"[Left (Library of Congress, 3966)]",0.0625
"[Left (Library of Congress, 3995)]",0.0625
"[Left (Library of Congress, 3927)]",0.0625
"[Tail (Library of Congress, 4388_101_01)]",0.0625
"[Bookblock spine (Library of Congress, 4240)]",0.0625
"[Head (Library of Congress, 4265)]",0.0625
"[Head (Library of Congress, 4240)]",0.0625
"[Bookblock spine (Library of Congress, 2966)]",0.0625
"[Head (Library of Congress, 4347_3)]",0.0625
"[Head (Library of Congress, 4165)]",0.0625
"[Head (Library of Congress, 3027)]",0.0625
"[Left (Library of Congress, 1697)]",0.0625
"[Bookblock spine (Library of Congress, 3929)]",0.0625
"[Right (Library of Congress, 3968)]",0.0625
"[Spine (place) (Library of Congress, 4347_3)]",0.0625
"[Right (Library of Congress, 4388_101_01)]",0.0625
"[Left (Library of Congress, 4341)]",0.0625
"[Tail (Library of Congress, 2247)]",0.0625
"[Bookblock spine (Library of Congress, 4357_005_001)]",0.0625
"[Bookblock spine (Library of Congress, 2247)]",0.0625
"[Spine (place) (Library of Congress, 3968)]",0.0625
"[Head (Library of Congress, 2966)]",0.0625
"[Left (Library of Congress, 4318_002)]",0.0625
"[Head (Library of Congress, 3494)]",0.0625
"[Spine (place) (Library of Congress, 4341)]",0.0625
"[Right (Library of Congress, 4164)]",0.0625
"[Spine (place) (Library of Congress, 4318_003)]",0.0625
"[Sewing supports (Library of Congress, 3966)]",0.0625
"[Tail (Library of Congress, 4240)]",0.0625
"[Gold tooling (Library of Congress, 2247)]",0.0625
"[Tail (Library of Congress, 2966)]",0.0625
"[Right (Library of Congress, 2966)]",0.0625
"[Tail (Library of Congress, 3494)]",0.0625
"[Spine (place) (Library of Congress, 4388_101_01)]",0.0625
"[Sewing supports (Library of Congress, 4318_001)]",0.0625
"[Right (Library of Congress, 4318_001)]",0.0625
"[Right (Library of Congress, 3929)]",0.0625
"[Right (Library of Congress, 4341)]",0.0625
"[Right (Library of Congress, 4347_3)]",0.0625
"[Spine (place) (Library of Congress, 4318_001)]",0.0625
"[Spine (place) (Library of Congress, 2966)]",0.0625
"[Head (Library of Congress, 2247)]",0.0625
"[Sewing supports (Library of Congress, 3967)]",0.0625
"[Sewing supports (Library of Congress, 3968)]",0.0625
"[Head (Library of Congress, 4247)]",0.0625
"[Bookblock spine (Library of Congress, 3968)]",0.0625
"[Left (Library of Congress, 4388_101_01)]",0.0625
"[Right (Library of Congress, 4265)]",0.0625
"[Right (Library of Congress, 529)]",0.0625
"[Right (Library of Congress, 4380)]",0.0625
"[Head (Library of Congress, 3967)]",0.0625
"[Sewing supports (Library of Congress, 3027)]",0.0625
"[Spine (place) (Library of Congress, 529)]",0.0625
"[Head (Library of Congress, 3674)]",0.0625
"[Bookblock spine (Library of Congress, 4341)]",0.0625
"[Bookblock spine (Library of Congress, 4318_003)]",0.0625
"[Right (Library of Congress, 1697)]",0.0625
"[Bookblock spine (Library of Congress, 4318_001)]",0.0625
"[Left (Library of Congress, 3967)]",0.0625
"[Right (Library of Congress, 4357_005_001)]",0.0625
"[Spine (place) (Library of Congress, 4265)]",0.0625
"[Tail (Library of Congress, 3927)]",0.0625
"[Spine (place) (Library of Congress, 3927)]",0.0625
"[Right (Library of Congress, 3674)]",0.0625
"[Tail (Library of Congress, 3027)]",0.0625
"[Bookblock spine (Library of Congress, 3027)]",0.0625
"[Head (Library of Congress, 1697)]",0.0625
"[Bookblock spine (Library of Congress, 1697)]",0.0625
"[Right (Library of Congress, 4165)]",0.0625
"[Bookblock spine (Library of Congress, 2687)]",0.0625
"[Spine (place) (Library of Congress, 3027)]",0.0625
"[Head (Library of Congress, 3928)]",0.0625
"[Right (Library of Congress, 3927)]",0.0625
"[Right (Library of Congress, 3494)]",0.0625
"[Tail (Library of Congress, 2561)]",0.0625
"[Head (Library of Congress, 4164)]",0.0625
"[Bookblock spine (Library of Congress, 3966)]",0.0625
"[Spine (place) (Library of Congress, 3494)]",0.0625
"[Bookblock spine (Library of Congress, 4247)]",0.0625
"[Left (Library of Congress, 3968)]",0.0625
"[Head (Library of Congress, 3966)]",0.0625
"[Left (Library of Congress, 4318_003)]",0.0625
"[Spine (place) (Library of Congress, 2561)]",0.0625
"[Head (Library of Congress, 4380)]",0.0625
"[Right (Library of Congress, 2247)]",0.0625
"[Left (Library of Congress, 2247)]",0.0625
"[Head (Library of Congress, 2687)]",0.0625
"[Left (Library of Congress, 3928)]",0.0625
"[Left (Library of Congress, 4247)]",0.0625
"[Left (Library of Congress, 4357_005_001)]",0.0625
"[Tail (Library of Congress, 4380)]",0.0625
"[Sewing supports (Library of Congress, 3927)]",0.0625
"[Spine (place) (Library of Congress, 2687)]",0.0625
"[Spine (place) (Library of Congress, 4165)]",0.0625
"[Right (Library of Congress, 4318_003)]",0.0625
"[Spine (place) (Library of Congress, 4240)]",0.0625
"[Right (Library of Congress, 3967)]",0.0625
"[Bookblock spine (Library of Congress, 4318_002)]",0.0625
"[Right (Library of Congress, 4318_002)]",0.0625
"[Sewing supports (Library of Congress, 4240)]",0.0625
"[Right (Library of Congress, 3027)]",0.0625
"[Bookblock spine (Library of Congress, 3927)]",0.0625
"[Left (Library of Congress, 3027)]",0.0625
"[Bookblock spine (Library of Congress, 4380)]",0.0625
"[Sewing supports (Library of Congress, 4318_002)]",0.0625
"[Tail (Library of Congress, 3968)]",0.0625
"[Bookblock spine (Library of Congress, 3995)]",0.0625
"[Left (Library of Congress, 2687)]",0.0625
"[Sewing supports (Library of Congress, 1697)]",0.0625
"[Sewing supports (Library of Congress, 4265)]",0.0625
"[Left (Library of Congress, 3674)]",0.0625
"[Sewing supports (Library of Congress, 4357_005_001)]",0.0625
"[Right (Library of Congress, 3928)]",0.0625
"[Left (Library of Congress, 4265)]",0.0625
"[Tail (Library of Congress, 3928)]",0.0625
"[Head (Library of Congress, 3995)]",0.0625
"[Head (Library of Congress, 3927)]",0.0625
"[Sewing supports (Library of Congress, 4388_101_01)]",0.0625
"[Left (Library of Congress, 4240)]",0.0625
"[Spine (place) (Library of Congress, 4357_005_001)]",0.0625
"[Sewing supports (Library of Congress, 4380)]",0.0625
"[Sewing supports (Library of Congress, 3995)]",0.0625
"[Spine (place) (Library of Congress, 3967)]",0.0625
"[Sewing supports (Library of Congress, 3494)]",0.0625
"[Left (Library of Congress, 4165)]",0.0625
"[Left (Library of Congress, 3929)]",0.0625
"[Left (Library of Congress, 529)]",0.0625
"[Spine (place) (Library of Congress, 4164)]",0.0625
"[Spine (place) (Library of Congress, 3929)]",0.0625
"[Left (Library of Congress, 4318_001)]",0.0625
"[Tail (Library of Congress, 4347_3)]",0.0625
"[Bookblock spine (Library of Congress, 4388_101_01)]",0.0625
"[Bookblock spine (Library of Congress, 529)]",0.0625
"[Sewing supports (Library of Congress, 4247)]",0.0625
"[Sewing supports (Library of Congress, 4164)]",0.0625
"[Spine (place) (Library of Congress, 4380)]",0.0625
"[Tail (Library of Congress, 3929)]",0.0625
"[Sewing supports (Library of Congress, 2561)]",0.0625
"[Bookblock spine (Library of Congress, 4164)]",0.0625
"[Tail (Library of Congress, 1697)]",0.0625
"[Sewing supports (Library of Congress, 4347_3)]",0.0625
"[Sewing supports (Library of Congress, 4165)]",0.0625
"[Head (Library of Congress, 4388_101_01)]",0.0625
"[Spine (place) (Library of Congress, 3674)]",0.0625
"[Sewing supports (Library of Congress, 2687)]",0.0625
"[Tail (Library of Congress, 4318_002)]",0.0625
"[Head (Library of Congress, 4318_003)]",0.0625
"[Bookblock spine (Library of Congress, 2561)]",0.0625
"[Head (Library of Congress, 4341)]",0.0625
"[Head (Library of Congress, 4318_001)]",0.0625
"[Sewing supports (Library of Congress, 529)]",0.0625
"[Spine (place) (Library of Congress, 3966)]",0.0625
"[Tail (Library of Congress, 4357_005_001)]",0.0625
"[Sewing supports (Library of Congress, 3674)]",0.0625
"[Head (Library of Congress, 529)]",0.0625
"[Left (Library of Congress, 4380)]",0.0625
"[Right (Library of Congress, 3966)]",0.0625
"[Bookblock spine (Library of Congress, 3928)]",0.0625
"[Sewing supports (Library of Congress, 4341)]",0.0625
null,0.058823529411764705
"[Left (Library of Congress, 3494)]",0.058823529411764705
"[Covering material-place (Library of Congress, 3824)]",0.058823529411764705
"[Right (Library of Congress, 4318_003)]",0.058823529411764705
"[Left (Library of Congress, 4318_003)]",0.058823529411764705
"[Right (Library of Congress, 3494)]",0.058823529411764705
"[Gold tooling (Library of Congress, 3824)]",0.058823529411764705
"[Right (Library of Congress, 4318_001)]",0.058823529411764705
"[Inner joints (Library of Congress, 3824)]",0.058823529411764705
"[Damaged (Library of Congress, 3824)]",0.058823529411764705
"[Inner joints (Library of Congress, 4053)]",0.058823529411764705
"[Broken (Library of Congress, 4053)]",0.058823529411764705
"[Right (Library of Congress, 4318_002)]",0.058823529411764705
"[Damaged (Library of Congress, 4053)]",0.058823529411764705
"[Damaged (Library of Congress, 3824)]",0.058823529411764705
"[Broken (Library of Congress, 3824)]",0.058823529411764705
"[Broken (Library of Congress, 3824)]",0.058823529411764705
"[Left (Library of Congress, 4318_002)]",0.058823529411764705
"[Damaged (Library of Congress, 4053)]",0.058823529411764705
"[Left (Library of Congress, 4318_001)]",0.058823529411764705
"[Covering material-place (Library of Congress, 4053)]",0.058823529411764705
"[Broken (Library of Congress, 4053)]",0.058823529411764705
"[Gold stamping (Library of Congress, 4053)]",0.058823529411764705
"[Gold tooling (Library of Congress, 4240)]",0.05555555555555555
"[Broken (Library of Congress, 4357_005_001)]",0.05555555555555555
"[Detached (Library of Congress, 2247)]",0.05555555555555555
"[Blind tooling (Library of Congress, 2966)]",0.05555555555555555
"[Detached (Library of Congress, 1697)]",0.05555555555555555
"[Detached (Library of Congress, 4265)]",0.05555555555555555
"[Gold tooling (Library of Congress, 3966)]",0.05555555555555555
"[Broken (Library of Congress, 4388_101_01)]",0.05555555555555555
"[Detached (Library of Congress, 3995)]",0.05555555555555555
"[Gold tooling (Library of Congress, 4247)]",0.05555555555555555
"[Broken (Library of Congress, 3966)]",0.05555555555555555
"[Broken (Library of Congress, 3966)]",0.05555555555555555
"[Detached (Library of Congress, 4341)]",0.05555555555555555
"[Broken (Library of Congress, 2247)]",0.05555555555555555
"[Broken (Library of Congress, 4240)]",0.05555555555555555
"[Damaged (Library of Congress, 3027)]",0.05555555555555555
"[Detached (Library of Congress, 1697)]",0.05555555555555555
"[Detached (Library of Congress, 3995)]",0.05555555555555555
"[Blind tooling (Library of Congress, 3494)]",0.05555555555555555
"[Broken (Library of Congress, 4357_005_001)]",0.05555555555555555
"[Inner joints (Library of Congress, 3928)]",0.05555555555555555
"[Broken (Library of Congress, 1697)]",0.05555555555555555
"[Detached (Library of Congress, 3966)]",0.05555555555555555
"[Detached (Library of Congress, 2247)]",0.05555555555555555
"[Detached (Library of Congress, 3966)]",0.05555555555555555
"[Detached (Library of Congress, 4165)]",0.05555555555555555
"[Detached (Library of Congress, 4341)]",0.05555555555555555
"[Blind tooling (Library of Congress, 3967)]",0.05555555555555555
"[Covering material-place (Library of Congress, 3494)]",0.05555555555555555
"[Detached (Library of Congress, 4240)]",0.05555555555555555
"[Broken (Library of Congress, 3967)]",0.05555555555555555
"[Detached (Library of Congress, 4165)]",0.05555555555555555
"[Detached (Library of Congress, 4240)]",0.05555555555555555
"[Inner joints (Library of Congress, 3967)]",0.05555555555555555
"[Broken (Library of Congress, 1697)]",0.05555555555555555
"[Broken (Library of Congress, 4265)]",0.05555555555555555
"[Broken (Library of Congress, 4165)]",0.05555555555555555
"[Broken (Library of Congress, 4265)]",0.05555555555555555
"[Detached (Library of Congress, 4357_005_001)]",0.05555555555555555
"[Broken (Library of Congress, 3995)]",0.05555555555555555
"[Detached (Library of Congress, 3967)]",0.05555555555555555
"[Detached (Library of Congress, 4357_005_001)]",0.05555555555555555
"[Detached (Library of Congress, 4388_101_01)]",0.05555555555555555
"[Broken (Library of Congress, 4341)]",0.05555555555555555
"[Broken (Library of Congress, 3995)]",0.05555555555555555
"[Inner joints (Library of Congress, 3966)]",0.05555555555555555
"[Broken (Library of Congress, 4240)]",0.05555555555555555
"[Detached (Library of Congress, 3967)]",0.05555555555555555
"[Damaged (Library of Congress, 3027)]",0.05555555555555555
"[Broken (Library of Congress, 2247)]",0.05555555555555555
"[Broken (Library of Congress, 4341)]",0.05555555555555555
"[Broken (Library of Congress, 4388_101_01)]",0.05555555555555555
"[Detached (Library of Congress, 4388_101_01)]",0.05555555555555555
"[Broken (Library of Congress, 3967)]",0.05555555555555555
"[Broken (Library of Congress, 4165)]",0.05555555555555555
"[Detached (Library of Congress, 4265)]",0.05555555555555555
"[Outer joints (Library of Congress, 4240)]",0.05555555555555555
"[Broken (Library of Congress, 4318_006)]",0.05263157894736842
"[Head (Library of Congress, 1657_001)]",0.05263157894736842
"[Bookblock spine (Library of Congress, 1657_001)]",0.05263157894736842
"[Broken (Library of Congress, 4318_005)]",0.05263157894736842
"[Right (Library of Congress, 1657_001)]",0.05263157894736842
"[Spine (place) (Library of Congress, 1657_001)]",0.05263157894736842
"[Tail (Library of Congress, 1657_001)]",0.05263157894736842
"[Damaged (Library of Congress, 1657_001)]",0.05263157894736842
"[Sewing supports (Library of Congress, 1657_001)]",0.05263157894736842
"[Detached (Library of Congress, 4318_006)]",0.05263157894736842
"[Detached (Library of Congress, 4318_006)]",0.05263157894736842
"[Detached (Library of Congress, 4318_005)]",0.05263157894736842
"[Broken (Library of Congress, 4318_006)]",0.05263157894736842
"[Left (Library of Congress, 1657_001)]",0.05263157894736842
"[Detached (Library of Congress, 4318_005)]",0.05263157894736842
"[Broken (Library of Congress, 4318_005)]",0.05263157894736842
"[Damaged (Library of Congress, 2966)]",0.05
"[Broken (Library of Congress, 3968)]",0.05
"[Gold stamping (Library of Congress, 4164)]",0.05
"[Covering material-place (Library of Congress, 4388_101_01)]",0.05
"[Broken (Library of Congress, 4247)]",0.05
"[Inner joints (Library of Congress, 4357_005_001)]",0.05
"[Gold tooling (Library of Congress, 4388_101_01)]",0.05
"[Broken (Library of Congress, 3928)]",0.05
"[Covering material-place (Library of Congress, 4357_005_001)]",0.05
"[Broken (Library of Congress, 3968)]",0.05
"[Damaged (Library of Congress, 4247)]",0.05
"[Damaged (Library of Congress, 2966)]",0.05
"[Broken (Library of Congress, 3928)]",0.05
"[Broken (Library of Congress, 2966)]",0.05
"[Gold stamping (Library of Congress, 4347_3)]",0.05
"[Broken (Library of Congress, 4247)]",0.05
"[Gold tooling (Library of Congress, 4380)]",0.05
"[Outer joints (Library of Congress, 4388_101_01)]",0.05
"[Gold stamping (Library of Congress, 4165)]",0.05
"[Outer joints (Library of Congress, 4164)]",0.05
"[Blind tooling (Library of Congress, 4388_101_01)]",0.05
"[Damaged (Library of Congress, 3968)]",0.05
"[Damaged (Library of Congress, 4247)]",0.05
"[Gold tooling (Library of Congress, 1697)]",0.05
"[Damaged (Library of Congress, 4539_003)]",0.05
"[Damaged (Library of Congress, 3928)]",0.05
"[Damaged (Library of Congress, 3928)]",0.05
"[Gold tooling (Library of Congress, 529)]",0.05
"[Damaged (Library of Congress, 3968)]",0.05
"[Broken (Library of Congress, 2966)]",0.05
"[Inner joints (Library of Congress, 3994)]",0.047619047619047616
"[Outer joints (Library of Congress, 3994)]",0.047619047619047616
"[Gold stamping (Library of Congress, 3994)]",0.047619047619047616
"[Detached (Library of Congress, 4318_002)]",0.045454545454545456
"[Broken (Library of Congress, 4318_003)]",0.045454545454545456
"[Broken (Library of Congress, 4318_001)]",0.045454545454545456
"[Covering material-place (Library of Congress, 3968)]",0.045454545454545456
"[Broken (Library of Congress, 4318_003)]",0.045454545454545456
"[Inner joints (Library of Congress, 3968)]",0.045454545454545456
"[Detached (Library of Congress, 4318_001)]",0.045454545454545456
"[Broken (Library of Congress, 4318_002)]",0.045454545454545456
"[Outer joints (Library of Congress, 3968)]",0.045454545454545456
"[Detached (Library of Congress, 4318_003)]",0.045454545454545456
"[Damaged (Library of Congress, 4053)]",0.045454545454545456
"[Broken (Library of Congress, 4318_002)]",0.045454545454545456
"[Detached (Library of Congress, 4318_003)]",0.045454545454545456
"[Gold tooling (Library of Congress, 3968)]",0.045454545454545456
"[Covering material-place (Library of Congress, 3027)]",0.045454545454545456
"[Gold tooling (Library of Congress, 3927)]",0.045454545454545456
"[Inner joints (Library of Congress, 4265)]",0.045454545454545456
"[Blind tooling (Library of Congress, 3027)]",0.045454545454545456
"[Broken (Library of Congress, 3494)]",0.045454545454545456
"[Broken (Library of Congress, 3494)]",0.045454545454545456
"[Covering material-place (Library of Congress, 3027)]",0.045454545454545456
"[Detached (Library of Congress, 3494)]",0.045454545454545456
"[Broken (Library of Congress, 4318_001)]",0.045454545454545456
"[Detached (Library of Congress, 4318_002)]",0.045454545454545456
"[Detached (Library of Congress, 4318_001)]",0.045454545454545456
"[Blind tooling (Library of Congress, 3968)]",0.045454545454545456
"[Detached (Library of Congress, 3494)]",0.045454545454545456
"[Blind tooling (Library of Congress, 1657_001)]",0.043478260869565216
"[Outer joints (Library of Congress, 1657_001)]",0.043478260869565216
"[Inner joints (Library of Congress, 3929)]",0.041666666666666664
"[Outer joints (Library of Congress, 3929)]",0.041666666666666664
"[Gold tooling (Library of Congress, 3929)]",0.041666666666666664
"[Inner joints (Library of Congress, 3995)]",0.041666666666666664
"[Covering material-place (Library of Congress, 3929)]",0.041666666666666664
"[Damaged (Library of Congress, 3819)]",0.041666666666666664
"[Distortion (Library of Congress, 3994)]",0.041666666666666664
"[Damaged (Library of Congress, 4357_005_001)]",0.041666666666666664
"[Damaged (Library of Congress, 4388_101_01)]",0.041666666666666664
"[Damaged (Library of Congress, 3967)]",0.041666666666666664
"[Damaged (Library of Congress, 2247)]",0.041666666666666664
"[Damaged (Library of Congress, 3994)]",0.041666666666666664
"[Degraded (Library of Congress, 3824)]",0.04
"[Degraded (Library of Congress, 4053)]",0.04
"[Damaged (Library of Congress, 2687)]",0.038461538461538464
"[Losses (Library of Congress, 3824)]",0.038461538461538464
"[Damaged (Library of Congress, 529)]",0.038461538461538464
"[Damaged (Library of Congress, 4240)]",0.038461538461538464
"[Mold (Library of Congress, 2687)]",0.038461538461538464
"[Losses (Library of Congress, 3824)]",0.038461538461538464
"[Damaged (Library of Congress, 3494)]",0.038461538461538464
"[Damaged (Library of Congress, 3968)]",0.038461538461538464
"[Damaged (Library of Congress, 3824)]",0.038461538461538464
"[Degraded (Library of Congress, 3494)]",0.038461538461538464
"[Distortion (Library of Congress, 4347_3)]",0.03571428571428571
"[Damaged (Library of Congress, 4247)]",0.03571428571428571
"[Damaged (Library of Congress, 3928)]",0.03571428571428571
"[Damaged (Library of Congress, 4347_3)]",0.03571428571428571
"[Damaged (Library of Congress, 4265)]",0.03571428571428571
"[Lifted (Library of Congress, 4357_005_001)]",0.034482758620689655
"[Degraded (Library of Congress, 4388_101_01)]",0.034482758620689655
"[Damaged (Library of Congress, 3674)]",0.03333333333333333
"[Damaged (Library of Congress, 3995)]",0.03333333333333333
"[Distortion (Library of Congress, 3995)]",0.03333333333333333
"[Losses (Library of Congress, 3674)]",0.03333333333333333
"[Losses (Library of Congress, 3674)]",0.03333333333333333
"[Losses (Library of Congress, 3927)]",0.03125
"[Losses (Library of Congress, 3927)]",0.03125
"[Degraded (Library of Congress, 3968)]",0.03125
"[Distortion (Library of Congress, 2561)]",0.03125
"[Damaged (Library of Congress, 4341)]",0.03125
"[Degraded (Library of Congress, 3027)]",0.03125
"[Lifted (Library of Congress, 3027)]",0.03125
"[Damaged (Library of Congress, 3927)]",0.03125
"[Losses (Library of Congress, 4341)]",0.03125
"[Losses (Library of Congress, 4341)]",0.03125
"[Damaged (Library of Congress, 2561)]",0.03125
"[Losses (Library of Congress, 2966)]",0.029411764705882353
"[Losses (Library of Congress, 2966)]",0.029411764705882353
"[Distortion (Library of Congress, 1697)]",0.029411764705882353
"[Damaged (Library of Congress, 2966)]",0.029411764705882353
"[Damaged (Library of Congress, 1697)]",0.029411764705882353
"[Degraded (Library of Congress, 3929)]",0.02857142857142857
"[Repaired (Library of Congress, 1657_001)]",0.02631578947368421
"[Damaged (Library of Congress, 1657_001)]",0.02631578947368421
"[Washington, D.C. (place)]",0.002793296089385475
"[Printing or Production date (Library of Congress, 4388_101_01)]",0.0
[hinge removal],0.0
[Lascaux 498],0.0
"[Book production (Library of Congress, 4388_101_01)]",0.0
[right],0.0
"[Project Number (Library of Congress, 4318_005)]",0.0
"[Main conservation event (Library of Congress, 4318_006)]",0.0
"[Project Number (Library of Congress, 2247)]",0.0
"[Main conservation event (Library of Congress, 4318_001)]",0.0
"[Printing or Production date (Library of Congress, 4318_002)]",0.0
[hinging],0.0
[conservation (process)],0.0
"[Attribute assignment decade (Library of Congress, 4357_005_001)]",0.0
[head],0.0
[mold remediation],0.0
"[Attribute assignment decade (Library of Congress, 3967)]",0.0
[Paper],0.0
"[Attribute assignment decade (Library of Congress, 3674)]",0.0
"[Conservation treatment decade (Library of Congress, 2247)]",0.0
"[Conservation Report (Library of Congress, 4357_005_001)]",0.0
"[Main conservation event (Library of Congress, 2561)]",0.0
[Aquazol],0.0
"[Project Number (Library of Congress, 4247)]",0.0
[alkalyzation],0.0
[acidic],0.0
[Cast Acrylic ],0.0
[disbinding],0.0
[previous mend removal],0.0
"[Previous repair (Library of Congress, 1657_001)]",0.0
"[Attribute assignment decade (Library of Congress, 2247)]",0.0
[Calcium Hydroxide],0.0
[SC6000],0.0
[Magnesium Bicarbonate],0.0
"[Attribute assignment decade (Library of Congress, 2561)]",0.0
[mold],0.0
[Leather],0.0
"[Conservation treatment decade (Library of Congress, 1697)]",0.0
"[Conservation treatment decade (Library of Congress, 4539_003)]",0.0
"[Attribute assignment decade (Library of Congress, 4380)]",0.0
"[Conservation treatment decade (Library of Congress, 3027)]",0.0
"[Conservation treatment decade (Library of Congress, 3929)]",0.0
[Library of Congress],0.0
[sizing],0.0
null,0.0
"[Printing or Production date (Library of Congress, 2966)]",0.0
"[Book production (Library of Congress, 4165)]",0.0
[textblocks],0.0
"[Book production (Library of Congress, 3995)]",0.0
null,0.0
"[Conservation Report (Library of Congress, 3824)]",0.0
[description],0.0
null,0.0
"[Book production (Library of Congress, 3927)]",0.0
"[Conservation treatment decade (Library of Congress, 3824)]",0.0
[blind tooling],0.0
"[Book production (Library of Congress, 3494)]",0.0
"[Attribute assignment decade (Library of Congress, 1697)]",0.0
"[Conservation treatment decade (Library of Congress, 4347_3)]",0.0
"[Project Number (Library of Congress, 4318_003)]",0.0
"[Book production (Library of Congress, 3928)]",0.0
"[Printing or Production date (Library of Congress, 1657_001)]",0.0
"[Conservation Report (Library of Congress, 2247)]",0.0
"[Conservation treatment decade (Library of Congress, 4265)]",0.0
"[Attribute assignment decade (Library of Congress, 3929)]",0.0
"[Conservation treatment decade (Library of Congress, 4053)]",0.0
"[Printing or Production date (Library of Congress, 2561)]",0.0
"[Main conservation event (Library of Congress, 4357_005_001)]",0.0
"[Printing or Production date (Library of Congress, 3928)]",0.0
"[Project Number (Library of Congress, 4318_001)]",0.0
"[Main conservation event (Library of Congress, 2966)]",0.0
"[Conservation Report (Library of Congress, 4347_3)]",0.0
"[Book production (Library of Congress, 4247)]",0.0
"[Conservation treatment decade (Library of Congress, 2561)]",0.0
"[Attribute assignment decade (Library of Congress, 4318_003)]",0.0
"[Book production (Library of Congress, 529)]",0.0
"[Conservation treatment decade (Library of Congress, 4318_005)]",0.0
"[edges,bookblock edges]",0.0
"[Attribute assignment decade (Library of Congress, 3494)]",0.0
"[Main conservation event (Library of Congress, 1657_001)]",0.0
"[Main conservation event (Library of Congress, 4341)]",0.0
[PVA],0.0
"[Project Number (Library of Congress, 3494)]",0.0
[sewing],0.0
"[Main conservation event (Library of Congress, 3966)]",0.0
"[Project Number (Library of Congress, 1657_001)]",0.0
"[Conservation treatment decade (Library of Congress, 4318_001)]",0.0
"[Conservation Report (Library of Congress, 3966)]",0.0
"[Main conservation event (Library of Congress, 3967)]",0.0
[Calcium Phytate],0.0
"[Conservation Report (Library of Congress, 3928)]",0.0
"[Conservation treatment decade (Library of Congress, 3674)]",0.0
"[Book production (Library of Congress, 2966)]",0.0
"[Attribute assignment decade (Library of Congress, 4318_005)]",0.0
"[Main conservation event (Library of Congress, 4380)]",0.0
"[Conservation treatment decade (Library of Congress, 3995)]",0.0
"[Main conservation event (Library of Congress, 3824)]",0.0
"[Project Number (Library of Congress, 3027)]",0.0
[Agarose Gel],0.0
"[Main conservation event (Library of Congress, 4165)]",0.0
[sewn structures],0.0
[broken],0.0
"[Conservation Report (Library of Congress, 3994)]",0.0
[Handmade Western Paper],0.0
"[Book production (Library of Congress, 4318_002)]",0.0
[rebinding],0.0
[Textile],0.0
"[Conservation Report (Library of Congress, 4341)]",0.0
"[Conservation treatment decade (Library of Congress, 4341)]",0.0
"[Conservation treatment decade (Library of Congress, 4165)]",0.0
"[Attribute assignment decade (Library of Congress, 3928)]",0.0
"[Printing or Production date (Library of Congress, 4265)]",0.0
[dry cleaning],0.0
"[Project Number (Library of Congress, 4539_003)]",0.0
"[Conservation treatment decade (Library of Congress, 4164)]",0.0
"[Attribute assignment decade (Library of Congress, 3968)]",0.0
"[Main conservation event (Library of Congress, 1697)]",0.0
"[Main conservation event (Library of Congress, 4318_005)]",0.0
"[Book production (Library of Congress, 2561)]",0.0
"[Attribute assignment decade (Library of Congress, 4164)]",0.0
[Water],0.0
[Pastel],0.0
"[Conservation Report (Library of Congress, 3819)]",0.0
"[Attribute assignment decade (Library of Congress, 4240)]",0.0
[Clasps],0.0
[flattening],0.0
[Leather (Goat)],0.0
[Binder's board],0.0
"[Printing or Production date (Library of Congress, 3966)]",0.0
"[Attribute assignment decade (Library of Congress, 4388_101_01)]",0.0
[Leather (Sheep)],0.0
"[Main conservation event (Library of Congress, 4240)]",0.0
"[Conservation treatment decade (Library of Congress, 3494)]",0.0
[mending],0.0
[distortion],0.0
"[Main conservation event (Library of Congress, 4539_003)]",0.0
[Methylcellulose],0.0
[Colored Pencils],0.0
"[Attribute assignment decade (Library of Congress, 4165)]",0.0
"[Attribute assignment decade (Library of Congress, 4247)]",0.0
"[Printing or Production date (Library of Congress, 1697)]",0.0
[Gellan gum],0.0
"[Project Number (Library of Congress, 3819)]",0.0
"[Project Number (Library of Congress, 529)]",0.0
null,0.0
"[Conservation Report (Library of Congress, 1657_001)]",0.0
[spine],0.0
"[Printing or Production date (Library of Congress, 4347_3)]",0.0
"[Attribute assignment decade (Library of Congress, 4318_006)]",0.0
[bookblocks],0.0
[Klucel G],0.0
"[Conservation Report (Library of Congress, 529)]",0.0
"[Main conservation event (Library of Congress, 3994)]",0.0
[board reattachment],0.0
[Gelatin],0.0
"[Conservation treatment decade (Library of Congress, 3994)]",0.0
"[Attribute assignment decade (Library of Congress, 3927)]",0.0
"[Conservation treatment decade (Library of Congress, 4318_003)]",0.0
"[Printing or Production date (Library of Congress, 2247)]",0.0
"[Conservation Report (Library of Congress, 4318_006)]",0.0
[repaired],0.0
[board slotting],0.0
"[Attribute assignment decade (Library of Congress, 3824)]",0.0
"[Project Number (Library of Congress, 2687)]",0.0
"[Main conservation event (Library of Congress, 3927)]",0.0
"[Project Number (Library of Congress, 3967)]",0.0
"[Conservation treatment decade (Library of Congress, 4380)]",0.0
"[Project Number (Library of Congress, 3929)]",0.0
[spine (bookblocks)],0.0
[degraded],0.0
[humidification],0.0
"[Attribute assignment decade (Library of Congress, 2687)]",0.0
"[Conservation treatment decade (Library of Congress, 3819)]",0.0
[damaged],0.0
[edge coloring],0.0
"[Conservation Report (Library of Congress, 2687)]",0.0
[resewing],0.0
"[Project Number (Library of Congress, 4164)]",0.0
[board edge consolidation],0.0
"[Conservation Report (Library of Congress, 3027)]",0.0
"[Printing or Production date (Library of Congress, 3674)]",0.0
"[Main conservation event (Library of Congress, 2687)]",0.0
[inner joint repair],0.0
"[Conservation Report (Library of Congress, 4539_003)]",0.0
"[Conservation treatment decade (Library of Congress, 3927)]",0.0
"[Project Number (Library of Congress, 4380)]",0.0
"[Main conservation event (Library of Congress, 3819)]",0.0
"[Book production (Library of Congress, 4357_005_001)]",0.0
"[Conservation Report (Library of Congress, 2966)]",0.0
"[Conservation treatment decade (Library of Congress, 4247)]",0.0
[Asian Paper],0.0
"[Conservation Report (Library of Congress, 3929)]",0.0
[left],0.0
[tooling],0.0
"[Conservation Report (Library of Congress, 4318_002)]",0.0
"[Conservation Report (Library of Congress, 4388_101_01)]",0.0
"[Printing or Production date (Library of Congress, 2687)]",0.0
"[Conservation treatment decade (Library of Congress, 4357_005_001)]",0.0
[tail],0.0
[removing guards],0.0
"[Attribute assignment decade (Library of Congress, 4265)]",0.0
"[Conservation treatment decade (Library of Congress, 3966)]",0.0
"[Conservation Report (Library of Congress, 4265)]",0.0
"[Book production (Library of Congress, 4347_3)]",0.0
[Lascaux 303],0.0
"[Conservation Report (Library of Congress, 1697)]",0.0
"[Main conservation event (Library of Congress, 3674)]",0.0
"[Project Number (Library of Congress, 4388_101_01)]",0.0
"[Main conservation event (Library of Congress, 4318_002)]",0.0
"[Main conservation event (Library of Congress, 2247)]",0.0
"[Main conservation event (Library of Congress, 529)]",0.0
"[Printing or Production date (Library of Congress, 4240)]",0.0
[recase],0.0
"[Main conservation event (Library of Congress, 4164)]",0.0
"[Conservation treatment decade (Library of Congress, 3967)]",0.0
"[Printing or Production date (Library of Congress, 3995)]",0.0
[Suede],0.0
"[Book production (Library of Congress, 3967)]",0.0
[boards],0.0
[cut],0.0
"[Conservation treatment decade (Library of Congress, 4388_101_01)]",0.0
[detached],0.0
[fills],0.0
"[Book production (Library of Congress, 3966)]",0.0
"[Project Number (Library of Congress, 2966)]",0.0
"[Main conservation event (Library of Congress, 3928)]",0.0
"[Project Number (Library of Congress, 4318_002)]",0.0
"[Project Number (Library of Congress, 3674)]",0.0
"[Project Number (Library of Congress, 3995)]",0.0
"[Main conservation event (Library of Congress, 4318_003)]",0.0
[Board],0.0
[Leather (Calf) ],0.0
"[Book production (Library of Congress, 3027)]",0.0
[RK Paper],0.0
[Wheat Starch Paste],0.0
"[Main conservation event (Library of Congress, 3968)]",0.0
"[Project Number (Library of Congress, 1697)]",0.0
"[Attribute assignment decade (Library of Congress, 4053)]",0.0
"[Attribute assignment decade (Library of Congress, 1657_001)]",0.0
"[Main conservation event (Library of Congress, 3929)]",0.0
[leather consolidation],0.0
"[Project Number (Library of Congress, 4347_3)]",0.0
[readhere lifting covering material],0.0
"[Conservation treatment decade (Library of Congress, 4318_002)]",0.0
[outer joint repair],0.0
[guarding],0.0
"[Conservation Report (Library of Congress, 4380)]",0.0
"[Conservation Report (Library of Congress, 4318_001)]",0.0
"[Attribute assignment decade (Library of Congress, 2966)]",0.0
"[Conservation treatment decade (Library of Congress, 1657_001)]",0.0
"[Conservation treatment decade (Library of Congress, 4240)]",0.0
"[Book production (Library of Congress, 3929)]",0.0
"[Project Number (Library of Congress, 3927)]",0.0
[gold stamping],0.0
"[Main conservation event (Library of Congress, 4053)]",0.0
"[Printing or Production date (Library of Congress, 3927)]",0.0
"[Conservation Report (Library of Congress, 4318_005)]",0.0
"[Main conservation event (Library of Congress, 4347_3)]",0.0
"[Conservation Report (Library of Congress, 4165)]",0.0
"[Project Number (Library of Congress, 2561)]",0.0
"[Main conservation event (Library of Congress, 3995)]",0.0
"[Conservation Report (Library of Congress, 4164)]",0.0
"[Attribute assignment decade (Library of Congress, 4341)]",0.0
[covering material],0.0
"[Project Number (Library of Congress, 4240)]",0.0
"[Conservation Report (Library of Congress, 3494)]",0.0
[books],0.0
"[Main conservation event (Library of Congress, 4388_101_01)]",0.0
"[Attribute assignment decade (Library of Congress, 3819)]",0.0
"[Conservation treatment decade (Library of Congress, 3928)]",0.0
"[Book production (Library of Congress, 4318_003)]",0.0
"[Printing or Production date (Library of Congress, 4341)]",0.0
"[Attribute assignment decade (Library of Congress, 4539_003)]",0.0
"[Attribute assignment decade (Library of Congress, 3994)]",0.0
"[Conservation Report (Library of Congress, 3967)]",0.0
"[Conservation Report (Library of Congress, 4247)]",0.0
"[Book production (Library of Congress, 2247)]",0.0
"[Printing or Production date (Library of Congress, 3968)]",0.0
"[Main conservation event (Library of Congress, 3027)]",0.0
[Wove Paper],0.0
[Remoistenable Tissue],0.0
"[Printing or Production date (Library of Congress, 529)]",0.0
[Acrylic paint],0.0
"[Conservation treatment decade (Library of Congress, 529)]",0.0
"[Conservation Report (Library of Congress, 3995)]",0.0
"[Book production (Library of Congress, 4265)]",0.0
[gold tooling],0.0
[outer joints],0.0
"[Project Number (Library of Congress, 4265)]",0.0
"[Printing or Production date (Library of Congress, 3027)]",0.0
null,0.0
"[Attribute assignment decade (Library of Congress, 4318_001)]",0.0
"[Attribute assignment decade (Library of Congress, 3966)]",0.0
"[Main conservation event (Library of Congress, 3494)]",0.0
null,0.0
"[Conservation Report (Library of Congress, 2561)]",0.0
"[Book production (Library of Congress, 1697)]",0.0
[BASF leather dye],0.0
"[Conservation treatment decade (Library of Congress, 2687)]",0.0
"[Main conservation event (Library of Congress, 4247)]",0.0
"[Conservation Report (Library of Congress, 4318_003)]",0.0
[Linen Thread],0.0
"[Conservation treatment decade (Library of Congress, 4318_006)]",0.0
"[Conservation Report (Library of Congress, 4240)]",0.0
[Machine Made Western Paper],0.0
null,0.0
[conservators (people in conservation)],0.0
"[Project Number (Library of Congress, 3968)]",0.0
"[Project Number (Library of Congress, 4053)]",0.0
"[Printing or Production date (Library of Congress, 3494)]",0.0
"[Attribute assignment decade (Library of Congress, 529)]",0.0
[washing],0.0
[Bookcloth],0.0
"[Book production (Library of Congress, 4240)]",0.0
"[Project Number (Library of Congress, 3928)]",0.0
[Heat set tissue],0.0
"[Printing or Production date (Library of Congress, 4165)]",0.0
"[Attribute assignment decade (Library of Congress, 3027)]",0.0
"[Printing or Production date (Library of Congress, 4357_005_001)]",0.0
[tape removal],0.0
[rebacking],0.0
"[Printing or Production date (Library of Congress, 4380)]",0.0
"[Conservation Report (Library of Congress, 3674)]",0.0
"[Conservation treatment decade (Library of Congress, 3968)]",0.0
"[Project Number (Library of Congress, 4357_005_001)]",0.0
"[Book production (Library of Congress, 4318_001)]",0.0
"[Conservation Report (Library of Congress, 4053)]",0.0
"[Book production (Library of Congress, 3968)]",0.0
"[Project Number (Library of Congress, 4318_006)]",0.0
[sewing supports],0.0
"[Project Number (Library of Congress, 3994)]",0.0
"[Attribute assignment decade (Library of Congress, 4318_002)]",0.0
"[Attribute assignment decade (Library of Congress, 4347_3)]",0.0
[lifted],0.0
"[Conservation treatment decade (Library of Congress, 2966)]",0.0
[Watercolor],0.0
"[Project Number (Library of Congress, 3966)]",0.0
"[Printing or Production date (Library of Congress, 4247)]",0.0
"[Conservation Report (Library of Congress, 3968)]",0.0
[Handmade Paper],0.0
"[Project Number (Library of Congress, 4165)]",0.0
"[Washington, D.C. (name)]",0.0
"[Book production (Library of Congress, 4164)]",0.0
null,0.0
[Machine Made Paper],0.0
"[Main conservation event (Library of Congress, 4265)]",0.0
"[Book production (Library of Congress, 4341)]",0.0
"[Book production (Library of Congress, 1657_001)]",0.0
[Chalk Pencils],0.0
"[Book production (Library of Congress, 2687)]",0.0
[Ethanol],0.0
"[Printing or Production date (Library of Congress, 4318_001)]",0.0
"[Conservation Report (Library of Congress, 3927)]",0.0
"[Printing or Production date (Library of Congress, 4318_003)]",0.0
[covers],0.0
"[Book production (Library of Congress, 4380)]",0.0
"[Printing or Production date (Library of Congress, 3929)]",0.0
"[Project Number (Library of Congress, 3824)]",0.0
[inner joints],0.0
"[Project Number (Library of Congress, 4341)]",0.0
"[Printing or Production date (Library of Congress, 3967)]",0.0
"[Book production (Library of Congress, 3674)]",0.0
"[Attribute assignment decade (Library of Congress, 3995)]",0.0
[losses],0.0
"[Printing or Production date (Library of Congress, 4164)]",0.0