name,incomingEdges
"[Main conservation event (Library of Congress, 3995)]",23.0
"[Main conservation event (Library of Congress, 3824)]",23.0
"[Main conservation event (Library of Congress, 2966)]",23.0
"[Main conservation event (Library of Congress, 3027)]",22.0
"[Main conservation event (Library of Congress, 3928)]",21.0
"[Main conservation event (Library of Congress, 4341)]",20.0
"[Main conservation event (Library of Congress, 4247)]",20.0
"[Main conservation event (Library of Congress, 4053)]",20.0
"[Main conservation event (Library of Congress, 3927)]",20.0
"[Main conservation event (Library of Congress, 4318_001)]",19.0
"[Main conservation event (Library of Congress, 3968)]",19.0
"[Main conservation event (Library of Congress, 3494)]",19.0
"[Main conservation event (Library of Congress, 1697)]",19.0
"[Main conservation event (Library of Congress, 4318_003)]",18.0
"[Main conservation event (Library of Congress, 4318_002)]",18.0
"[Main conservation event (Library of Congress, 4265)]",18.0
"[Main conservation event (Library of Congress, 2561)]",18.0
"[Main conservation event (Library of Congress, 1657_001)]",18.0
"[Main conservation event (Library of Congress, 3929)]",17.0
"[Main conservation event (Library of Congress, 529)]",16.0
"[Main conservation event (Library of Congress, 4347_3)]",16.0
"[Main conservation event (Library of Congress, 3994)]",16.0
"[Main conservation event (Library of Congress, 3967)]",16.0
"[Main conservation event (Library of Congress, 3819)]",16.0
"[Main conservation event (Library of Congress, 3674)]",16.0
"[Main conservation event (Library of Congress, 4357_005_001)]",15.0
"[Main conservation event (Library of Congress, 4318_006)]",15.0
"[Main conservation event (Library of Congress, 4318_005)]",15.0
"[Main conservation event (Library of Congress, 4165)]",15.0
"[Main conservation event (Library of Congress, 4388_101_01)]",14.0
"[Main conservation event (Library of Congress, 4380)]",14.0
"[Main conservation event (Library of Congress, 4240)]",14.0
"[Main conservation event (Library of Congress, 2247)]",14.0
"[Book (Library of Congress, 529)]",14.0
"[Main conservation event (Library of Congress, 3966)]",13.0
"[Book (Library of Congress, 4357_005_001)]",13.0
"[Book (Library of Congress, 4265)]",13.0
"[Book (Library of Congress, 4247)]",13.0
"[Book (Library of Congress, 4165)]",13.0
"[Book (Library of Congress, 3995)]",13.0
"[Book (Library of Congress, 3928)]",13.0
"[Book (Library of Congress, 3927)]",13.0
"[Book (Library of Congress, 3824)]",13.0
"[Book (Library of Congress, 3027)]",13.0
"[Main conservation event (Library of Congress, 4539_003)]",12.0
"[Main conservation event (Library of Congress, 2687)]",12.0
"[Book (Library of Congress, 4539_003)]",12.0
"[Book (Library of Congress, 4347_3)]",12.0
"[Book (Library of Congress, 4341)]",12.0
"[Book (Library of Congress, 4318_005)]",12.0
"[Book (Library of Congress, 4318_003)]",12.0
"[Book (Library of Congress, 4318_002)]",12.0
"[Book (Library of Congress, 4318_001)]",12.0
"[Book (Library of Congress, 4053)]",12.0
"[Book (Library of Congress, 3967)]",12.0
"[Book (Library of Congress, 3966)]",12.0
"[Book (Library of Congress, 3929)]",12.0
"[Book (Library of Congress, 2966)]",12.0
"[Book (Library of Congress, 2687)]",12.0
"[Book (Library of Congress, 2247)]",12.0
"[Book (Library of Congress, 4388_101_01)]",11.0
"[Book (Library of Congress, 4318_006)]",11.0
"[Book (Library of Congress, 4240)]",11.0
"[Book (Library of Congress, 4164)]",11.0
"[Book (Library of Congress, 3994)]",11.0
"[Book (Library of Congress, 3968)]",11.0
"[Book (Library of Congress, 3819)]",11.0
"[Book (Library of Congress, 3674)]",11.0
"[Book (Library of Congress, 3494)]",11.0
"[Book (Library of Congress, 1657_001)]",11.0
"[Book (Library of Congress, 4380)]",10.0
"[Book (Library of Congress, 2561)]",10.0
"[Book (Library of Congress, 1697)]",10.0
"[Bookblock (Library of Congress, 4347_3)]",9.0
"[Bookblock (Library of Congress, 4240)]",9.0
"[Bookblock (Library of Congress, 3967)]",9.0
"[Bookblock (Library of Congress, 3966)]",9.0
"[Bookblock (Library of Congress, 3824)]",9.0
"[Bookblock (Library of Congress, 3027)]",9.0
"[Bookblock (Library of Congress, 1657_001)]",9.0
"[Cover (Library of Congress, 3929)]",8.0
"[Bookblock (Library of Congress, 529)]",8.0
"[Bookblock (Library of Congress, 4539_003)]",8.0
"[Bookblock (Library of Congress, 4388_101_01)]",8.0
"[Bookblock (Library of Congress, 4380)]",8.0
"[Bookblock (Library of Congress, 4357_005_001)]",8.0
"[Bookblock (Library of Congress, 4341)]",8.0
"[Bookblock (Library of Congress, 4318_006)]",8.0
"[Bookblock (Library of Congress, 4318_005)]",8.0
"[Bookblock (Library of Congress, 4318_003)]",8.0
"[Bookblock (Library of Congress, 4318_002)]",8.0
"[Bookblock (Library of Congress, 4318_001)]",8.0
"[Bookblock (Library of Congress, 4265)]",8.0
"[Bookblock (Library of Congress, 4247)]",8.0
"[Bookblock (Library of Congress, 4165)]",8.0
"[Bookblock (Library of Congress, 4164)]",8.0
"[Bookblock (Library of Congress, 4053)]",8.0
"[Bookblock (Library of Congress, 3995)]",8.0
"[Bookblock (Library of Congress, 3994)]",8.0
"[Bookblock (Library of Congress, 3968)]",8.0
"[Bookblock (Library of Congress, 3929)]",8.0
"[Bookblock (Library of Congress, 3928)]",8.0
"[Bookblock (Library of Congress, 3927)]",8.0
"[Bookblock (Library of Congress, 3819)]",8.0
"[Bookblock (Library of Congress, 3674)]",8.0
"[Bookblock (Library of Congress, 3494)]",8.0
"[Bookblock (Library of Congress, 2966)]",8.0
"[Bookblock (Library of Congress, 2687)]",8.0
"[Bookblock (Library of Congress, 2561)]",8.0
"[Bookblock (Library of Congress, 2247)]",8.0
"[Bookblock (Library of Congress, 1697)]",8.0
"[Cover (Library of Congress, 4053)]",7.0
"[Cover (Library of Congress, 3968)]",7.0
"[Textblock (Library of Congress, 4341)]",6.0
"[Textblock (Library of Congress, 4053)]",6.0
"[Textblock (Library of Congress, 2966)]",6.0
"[Textblock (Library of Congress, 1657_001)]",6.0
"[Main conservation event (Library of Congress, 4164)]",6.0
"[Cover (Library of Congress, 4388_101_01)]",6.0
"[Cover (Library of Congress, 4357_005_001)]",6.0
"[Textblock (Library of Congress, 3927)]",5.0
"[Textblock (Library of Congress, 3824)]",5.0
"[Textblock (Library of Congress, 3674)]",5.0
"[Textblock (Library of Congress, 2687)]",5.0
"[Cover (Library of Congress, 3995)]",5.0
"[Cover (Library of Congress, 3824)]",5.0
"[Cover (Library of Congress, 3494)]",5.0
"[Cover (Library of Congress, 3027)]",5.0
"[Conservation assessment (Library of Congress, 529)]",5.0
"[Conservation assessment (Library of Congress, 4247)]",5.0
"[Conservation assessment (Library of Congress, 4053)]",5.0
"[Conservation assessment (Library of Congress, 3929)]",5.0
"[Conservation assessment (Library of Congress, 3928)]",5.0
"[Conservation assessment (Library of Congress, 3824)]",5.0
"[Conservation assessment (Library of Congress, 3027)]",5.0
"[Conservation assessment (Library of Congress, 2687)]",5.0
"[Conservation assessment (Library of Congress, 2561)]",5.0
"[Conservation assessment (Library of Congress, 2247)]",5.0
"[Conservation assessment (Library of Congress, 1697)]",5.0
"[Conservation assessment (Library of Congress, 1657_001)]",5.0
"[Textblock (Library of Congress, 529)]",4.0
"[Textblock (Library of Congress, 4347_3)]",4.0
"[Textblock (Library of Congress, 3995)]",4.0
"[Textblock (Library of Congress, 3994)]",4.0
"[Textblock (Library of Congress, 3494)]",4.0
"[Textblock (Library of Congress, 2561)]",4.0
"[Textblock (Library of Congress, 2247)]",4.0
"[Textblock (Library of Congress, 1697)]",4.0
"[Right board (Library of Congress, 4539_003)]",4.0
"[Right board (Library of Congress, 4388_101_01)]",4.0
"[Right board (Library of Congress, 4357_005_001)]",4.0
"[Right board (Library of Congress, 4341)]",4.0
"[Right board (Library of Congress, 4318_006)]",4.0
"[Right board (Library of Congress, 4318_005)]",4.0
"[Right board (Library of Congress, 4318_003)]",4.0
"[Right board (Library of Congress, 4318_002)]",4.0
"[Right board (Library of Congress, 4318_001)]",4.0
"[Right board (Library of Congress, 4265)]",4.0
"[Right board (Library of Congress, 4247)]",4.0
"[Right board (Library of Congress, 4240)]",4.0
"[Right board (Library of Congress, 4165)]",4.0
"[Right board (Library of Congress, 4053)]",4.0
"[Right board (Library of Congress, 3995)]",4.0
"[Right board (Library of Congress, 3968)]",4.0
"[Right board (Library of Congress, 3967)]",4.0
"[Right board (Library of Congress, 3966)]",4.0
"[Right board (Library of Congress, 3928)]",4.0
"[Right board (Library of Congress, 3824)]",4.0
"[Right board (Library of Congress, 3819)]",4.0
"[Right board (Library of Congress, 3494)]",4.0
"[Right board (Library of Congress, 2966)]",4.0
"[Right board (Library of Congress, 2247)]",4.0
"[Right board (Library of Congress, 1697)]",4.0
"[Left board (Library of Congress, 4539_003)]",4.0
"[Left board (Library of Congress, 4388_101_01)]",4.0
"[Left board (Library of Congress, 4357_005_001)]",4.0
"[Left board (Library of Congress, 4341)]",4.0
"[Left board (Library of Congress, 4318_006)]",4.0
"[Left board (Library of Congress, 4318_005)]",4.0
"[Left board (Library of Congress, 4318_003)]",4.0
"[Left board (Library of Congress, 4318_002)]",4.0
"[Left board (Library of Congress, 4318_001)]",4.0
"[Left board (Library of Congress, 4265)]",4.0
"[Left board (Library of Congress, 4247)]",4.0
"[Left board (Library of Congress, 4240)]",4.0
"[Left board (Library of Congress, 4165)]",4.0
"[Left board (Library of Congress, 4053)]",4.0
"[Left board (Library of Congress, 3995)]",4.0
"[Left board (Library of Congress, 3968)]",4.0
"[Left board (Library of Congress, 3967)]",4.0
"[Left board (Library of Congress, 3966)]",4.0
"[Left board (Library of Congress, 3928)]",4.0
"[Left board (Library of Congress, 3824)]",4.0
"[Left board (Library of Congress, 3819)]",4.0
"[Left board (Library of Congress, 3494)]",4.0
"[Left board (Library of Congress, 2966)]",4.0
"[Left board (Library of Congress, 2247)]",4.0
"[Left board (Library of Congress, 1697)]",4.0
"[Cover (Library of Congress, 4318_006)]",4.0
"[Cover (Library of Congress, 4247)]",4.0
"[Cover (Library of Congress, 4165)]",4.0
"[Cover (Library of Congress, 4164)]",4.0
"[Cover (Library of Congress, 3994)]",4.0
"[Cover (Library of Congress, 3928)]",4.0
"[Cover (Library of Congress, 3927)]",4.0
"[Cover (Library of Congress, 1697)]",4.0
"[Conservation assessment (Library of Congress, 4539_003)]",4.0
"[Conservation assessment (Library of Congress, 4388_101_01)]",4.0
"[Conservation assessment (Library of Congress, 4380)]",4.0
"[Conservation assessment (Library of Congress, 4357_005_001)]",4.0
"[Conservation assessment (Library of Congress, 4347_3)]",4.0
"[Conservation assessment (Library of Congress, 4341)]",4.0
"[Conservation assessment (Library of Congress, 4318_006)]",4.0
"[Conservation assessment (Library of Congress, 4318_005)]",4.0
"[Conservation assessment (Library of Congress, 4318_003)]",4.0
"[Conservation assessment (Library of Congress, 4318_002)]",4.0
"[Conservation assessment (Library of Congress, 4318_001)]",4.0
"[Conservation assessment (Library of Congress, 4265)]",4.0
"[Conservation assessment (Library of Congress, 4240)]",4.0
"[Conservation assessment (Library of Congress, 4165)]",4.0
"[Conservation assessment (Library of Congress, 4164)]",4.0
"[Conservation assessment (Library of Congress, 3995)]",4.0
"[Conservation assessment (Library of Congress, 3994)]",4.0
"[Conservation assessment (Library of Congress, 3968)]",4.0
"[Conservation assessment (Library of Congress, 3967)]",4.0
"[Conservation assessment (Library of Congress, 3966)]",4.0
"[Conservation assessment (Library of Congress, 3927)]",4.0
"[Conservation assessment (Library of Congress, 3819)]",4.0
"[Conservation assessment (Library of Congress, 3674)]",4.0
"[Conservation assessment (Library of Congress, 3494)]",4.0
"[Conservation assessment (Library of Congress, 2966)]",4.0
"[Textblock (Library of Congress, 4539_003)]",3.0
"[Textblock (Library of Congress, 4388_101_01)]",3.0
"[Textblock (Library of Congress, 4380)]",3.0
"[Textblock (Library of Congress, 4357_005_001)]",3.0
"[Textblock (Library of Congress, 4265)]",3.0
"[Textblock (Library of Congress, 4247)]",3.0
"[Textblock (Library of Congress, 4240)]",3.0
"[Textblock (Library of Congress, 3968)]",3.0
"[Textblock (Library of Congress, 3967)]",3.0
"[Textblock (Library of Congress, 3928)]",3.0
"[Textblock (Library of Congress, 3819)]",3.0
"[Textblock (Library of Congress, 3027)]",3.0
"[Right board (Library of Congress, 3027)]",3.0
"[Modification of Library of Congress, 4388_101_01]",3.0
"[Modification of Library of Congress, 4357_005_001]",3.0
"[Modification of Library of Congress, 4265]",3.0
"[Modification of Library of Congress, 4247]",3.0
"[Modification of Library of Congress, 4247]",3.0
"[Modification of Library of Congress, 4240]",3.0
"[Modification of Library of Congress, 4164]",3.0
"[Modification of Library of Congress, 4053]",3.0
"[Modification of Library of Congress, 4053]",3.0
"[Modification of Library of Congress, 4053]",3.0
"[Modification of Library of Congress, 3995]",3.0
"[Modification of Library of Congress, 3994]",3.0
"[Modification of Library of Congress, 3994]",3.0
"[Modification of Library of Congress, 3968]",3.0
"[Modification of Library of Congress, 3968]",3.0
"[Modification of Library of Congress, 3968]",3.0
"[Modification of Library of Congress, 3968]",3.0
"[Modification of Library of Congress, 3967]",3.0
"[Modification of Library of Congress, 3966]",3.0
"[Modification of Library of Congress, 3929]",3.0
"[Modification of Library of Congress, 3929]",3.0
"[Modification of Library of Congress, 3928]",3.0
"[Modification of Library of Congress, 3928]",3.0
"[Modification of Library of Congress, 3928]",3.0
"[Modification of Library of Congress, 3824]",3.0
"[Modification of Library of Congress, 3824]",3.0
"[Modification of Library of Congress, 3824]",3.0
"[Modification of Library of Congress, 3027]",3.0
"[Modification of Library of Congress, 3027]",3.0
"[Modification of Library of Congress, 2966]",3.0
"[Modification of Library of Congress, 2966]",3.0
"[Modification of Library of Congress, 1657_001]",3.0
"[Left board (Library of Congress, 3027)]",3.0
"[Covering material (Library of Congress, 3027)]",3.0
"[Cover (Library of Congress, 4347_3)]",3.0
"[Cover (Library of Congress, 4341)]",3.0
"[Cover (Library of Congress, 4318_005)]",3.0
"[Cover (Library of Congress, 4318_003)]",3.0
"[Cover (Library of Congress, 4318_002)]",3.0
"[Cover (Library of Congress, 4318_001)]",3.0
"[Cover (Library of Congress, 4265)]",3.0
"[Cover (Library of Congress, 4240)]",3.0
"[Cover (Library of Congress, 3967)]",3.0
"[Cover (Library of Congress, 3966)]",3.0
"[Cover (Library of Congress, 1657_001)]",3.0
"[Bookblock edges (Library of Congress, 4347_3)]",3.0
"[Bookblock edges (Library of Congress, 4240)]",3.0
"[Bookblock edges (Library of Congress, 3967)]",3.0
"[Bookblock edges (Library of Congress, 3966)]",3.0
"[Bookblock edges (Library of Congress, 3824)]",3.0
"[Bookblock edges (Library of Congress, 3027)]",3.0
"[Bookblock edges (Library of Congress, 1657_001)]",3.0
"[Addition to Library of Congress, 529]",3.0
"[Addition to Library of Congress, 4539_003]",3.0
"[Addition to Library of Congress, 4357_005_001]",3.0
"[Addition to Library of Congress, 4341]",3.0
"[Addition to Library of Congress, 4318_005]",3.0
"[Addition to Library of Congress, 4318_003]",3.0
"[Addition to Library of Congress, 4318_002]",3.0
"[Addition to Library of Congress, 4318_001]",3.0
"[Addition to Library of Congress, 4265]",3.0
"[Addition to Library of Congress, 4247]",3.0
"[Addition to Library of Congress, 4165]",3.0
"[Addition to Library of Congress, 4053]",3.0
"[Addition to Library of Congress, 3967]",3.0
"[Addition to Library of Congress, 3966]",3.0
"[Addition to Library of Congress, 3928]",3.0
"[Addition to Library of Congress, 3824]",3.0
"[Addition to Library of Congress, 3674]",3.0
"[Addition to Library of Congress, 3027]",3.0
"[Addition to Library of Congress, 2966]",3.0
"[Addition to Library of Congress, 2247]",3.0
"[Textblock (Library of Congress, 4318_006)]",2.0
"[Textblock (Library of Congress, 4318_005)]",2.0
"[Textblock (Library of Congress, 4318_003)]",2.0
"[Textblock (Library of Congress, 4318_002)]",2.0
"[Textblock (Library of Congress, 4318_001)]",2.0
"[Textblock (Library of Congress, 4165)]",2.0
"[Textblock (Library of Congress, 4164)]",2.0
"[Textblock (Library of Congress, 3966)]",2.0
"[Textblock (Library of Congress, 3929)]",2.0
"[Sewing structure (Library of Congress, 529)]",2.0
"[Sewing structure (Library of Congress, 4539_003)]",2.0
"[Sewing structure (Library of Congress, 4388_101_01)]",2.0
"[Sewing structure (Library of Congress, 4380)]",2.0
"[Sewing structure (Library of Congress, 4357_005_001)]",2.0
"[Sewing structure (Library of Congress, 4347_3)]",2.0
"[Sewing structure (Library of Congress, 4341)]",2.0
"[Sewing structure (Library of Congress, 4318_006)]",2.0
"[Sewing structure (Library of Congress, 4318_005)]",2.0
"[Sewing structure (Library of Congress, 4318_003)]",2.0
"[Sewing structure (Library of Congress, 4318_002)]",2.0
"[Sewing structure (Library of Congress, 4318_001)]",2.0
"[Sewing structure (Library of Congress, 4265)]",2.0
"[Sewing structure (Library of Congress, 4247)]",2.0
"[Sewing structure (Library of Congress, 4240)]",2.0
"[Sewing structure (Library of Congress, 4165)]",2.0
"[Sewing structure (Library of Congress, 4164)]",2.0
"[Sewing structure (Library of Congress, 4053)]",2.0
"[Sewing structure (Library of Congress, 3995)]",2.0
"[Sewing structure (Library of Congress, 3994)]",2.0
"[Sewing structure (Library of Congress, 3968)]",2.0
"[Sewing structure (Library of Congress, 3967)]",2.0
"[Sewing structure (Library of Congress, 3966)]",2.0
"[Sewing structure (Library of Congress, 3929)]",2.0
"[Sewing structure (Library of Congress, 3928)]",2.0
"[Sewing structure (Library of Congress, 3927)]",2.0
"[Sewing structure (Library of Congress, 3824)]",2.0
"[Sewing structure (Library of Congress, 3819)]",2.0
"[Sewing structure (Library of Congress, 3674)]",2.0
"[Sewing structure (Library of Congress, 3494)]",2.0
"[Sewing structure (Library of Congress, 3027)]",2.0
"[Sewing structure (Library of Congress, 2966)]",2.0
"[Sewing structure (Library of Congress, 2687)]",2.0
"[Sewing structure (Library of Congress, 2561)]",2.0
"[Sewing structure (Library of Congress, 2247)]",2.0
"[Sewing structure (Library of Congress, 1697)]",2.0
"[Sewing structure (Library of Congress, 1657_001)]",2.0
"[Right board (Library of Congress, 529)]",2.0
"[Right board (Library of Congress, 4347_3)]",2.0
"[Right board (Library of Congress, 4164)]",2.0
"[Right board (Library of Congress, 3994)]",2.0
"[Right board (Library of Congress, 3929)]",2.0
"[Right board (Library of Congress, 3927)]",2.0
"[Right board (Library of Congress, 2687)]",2.0
"[Right board (Library of Congress, 1657_001)]",2.0
"[Removal from Library of Congress, 4380]",2.0
"[Removal from Library of Congress, 4341]",2.0
"[Removal from Library of Congress, 4341]",2.0
"[Removal from Library of Congress, 3994]",2.0
"[Removal from Library of Congress, 1657_001]",2.0
"[Previous repair (Library of Congress, 1657_001)]",2.0
"[Modification of Library of Congress, 529]",2.0
"[Modification of Library of Congress, 529]",2.0
"[Modification of Library of Congress, 529]",2.0
"[Modification of Library of Congress, 529]",2.0
"[Modification of Library of Congress, 4539_003]",2.0
"[Modification of Library of Congress, 4539_003]",2.0
"[Modification of Library of Congress, 4539_003]",2.0
"[Modification of Library of Congress, 4388_101_01]",2.0
"[Modification of Library of Congress, 4388_101_01]",2.0
"[Modification of Library of Congress, 4388_101_01]",2.0
"[Modification of Library of Congress, 4388_101_01]",2.0
"[Modification of Library of Congress, 4380]",2.0
"[Modification of Library of Congress, 4380]",2.0
"[Modification of Library of Congress, 4380]",2.0
"[Modification of Library of Congress, 4357_005_001]",2.0
"[Modification of Library of Congress, 4357_005_001]",2.0
"[Modification of Library of Congress, 4357_005_001]",2.0
"[Modification of Library of Congress, 4357_005_001]",2.0
"[Modification of Library of Congress, 4347_3]",2.0
"[Modification of Library of Congress, 4347_3]",2.0
"[Modification of Library of Congress, 4347_3]",2.0
"[Modification of Library of Congress, 4347_3]",2.0
"[Modification of Library of Congress, 4347_3]",2.0
"[Modification of Library of Congress, 4341]",2.0
"[Modification of Library of Congress, 4341]",2.0
"[Modification of Library of Congress, 4341]",2.0
"[Modification of Library of Congress, 4341]",2.0
"[Modification of Library of Congress, 4341]",2.0
"[Modification of Library of Congress, 4341]",2.0
"[Modification of Library of Congress, 4318_006]",2.0
"[Modification of Library of Congress, 4318_006]",2.0
"[Modification of Library of Congress, 4318_006]",2.0
"[Modification of Library of Congress, 4318_006]",2.0
"[Modification of Library of Congress, 4318_006]",2.0
"[Modification of Library of Congress, 4318_006]",2.0
"[Modification of Library of Congress, 4318_005]",2.0
"[Modification of Library of Congress, 4318_005]",2.0
"[Modification of Library of Congress, 4318_005]",2.0
"[Modification of Library of Congress, 4318_005]",2.0
"[Modification of Library of Congress, 4318_005]",2.0
"[Modification of Library of Congress, 4318_005]",2.0
"[Modification of Library of Congress, 4318_003]",2.0
"[Modification of Library of Congress, 4318_003]",2.0
"[Modification of Library of Congress, 4318_003]",2.0
"[Modification of Library of Congress, 4318_003]",2.0
"[Modification of Library of Congress, 4318_003]",2.0
"[Modification of Library of Congress, 4318_003]",2.0
"[Modification of Library of Congress, 4318_003]",2.0
"[Modification of Library of Congress, 4318_002]",2.0
"[Modification of Library of Congress, 4318_002]",2.0
"[Modification of Library of Congress, 4318_002]",2.0
"[Modification of Library of Congress, 4318_002]",2.0
"[Modification of Library of Congress, 4318_002]",2.0
"[Modification of Library of Congress, 4318_002]",2.0
"[Modification of Library of Congress, 4318_002]",2.0
"[Modification of Library of Congress, 4318_001]",2.0
"[Modification of Library of Congress, 4318_001]",2.0
"[Modification of Library of Congress, 4318_001]",2.0
"[Modification of Library of Congress, 4318_001]",2.0
"[Modification of Library of Congress, 4318_001]",2.0
"[Modification of Library of Congress, 4318_001]",2.0
"[Modification of Library of Congress, 4318_001]",2.0
"[Modification of Library of Congress, 4265]",2.0
"[Modification of Library of Congress, 4265]",2.0
"[Modification of Library of Congress, 4265]",2.0
"[Modification of Library of Congress, 4265]",2.0
"[Modification of Library of Congress, 4265]",2.0
"[Modification of Library of Congress, 4265]",2.0
"[Modification of Library of Congress, 4265]",2.0
"[Modification of Library of Congress, 4247]",2.0
"[Modification of Library of Congress, 4247]",2.0
"[Modification of Library of Congress, 4247]",2.0
"[Modification of Library of Congress, 4247]",2.0
"[Modification of Library of Congress, 4247]",2.0
"[Modification of Library of Congress, 4247]",2.0
"[Modification of Library of Congress, 4240]",2.0
"[Modification of Library of Congress, 4240]",2.0
"[Modification of Library of Congress, 4240]",2.0
"[Modification of Library of Congress, 4240]",2.0
"[Modification of Library of Congress, 4165]",2.0
"[Modification of Library of Congress, 4165]",2.0
"[Modification of Library of Congress, 4165]",2.0
"[Modification of Library of Congress, 4165]",2.0
"[Modification of Library of Congress, 4164]",2.0
"[Modification of Library of Congress, 4164]",2.0
"[Modification of Library of Congress, 4053]",2.0
"[Modification of Library of Congress, 4053]",2.0
"[Modification of Library of Congress, 4053]",2.0
"[Modification of Library of Congress, 4053]",2.0
"[Modification of Library of Congress, 4053]",2.0
"[Modification of Library of Congress, 3995]",2.0
"[Modification of Library of Congress, 3995]",2.0
"[Modification of Library of Congress, 3995]",2.0
"[Modification of Library of Congress, 3995]",2.0
"[Modification of Library of Congress, 3995]",2.0
"[Modification of Library of Congress, 3995]",2.0
"[Modification of Library of Congress, 3995]",2.0
"[Modification of Library of Congress, 3995]",2.0
"[Modification of Library of Congress, 3995]",2.0
"[Modification of Library of Congress, 3994]",2.0
"[Modification of Library of Congress, 3994]",2.0
"[Modification of Library of Congress, 3994]",2.0
"[Modification of Library of Congress, 3994]",2.0
"[Modification of Library of Congress, 3968]",2.0
"[Modification of Library of Congress, 3968]",2.0
"[Modification of Library of Congress, 3968]",2.0
"[Modification of Library of Congress, 3968]",2.0
"[Modification of Library of Congress, 3968]",2.0
"[Modification of Library of Congress, 3967]",2.0
"[Modification of Library of Congress, 3967]",2.0
"[Modification of Library of Congress, 3967]",2.0
"[Modification of Library of Congress, 3966]",2.0
"[Modification of Library of Congress, 3966]",2.0
"[Modification of Library of Congress, 3966]",2.0
"[Modification of Library of Congress, 3929]",2.0
"[Modification of Library of Congress, 3929]",2.0
"[Modification of Library of Congress, 3929]",2.0
"[Modification of Library of Congress, 3928]",2.0
"[Modification of Library of Congress, 3928]",2.0
"[Modification of Library of Congress, 3928]",2.0
"[Modification of Library of Congress, 3928]",2.0
"[Modification of Library of Congress, 3928]",2.0
"[Modification of Library of Congress, 3927]",2.0
"[Modification of Library of Congress, 3927]",2.0
"[Modification of Library of Congress, 3927]",2.0
"[Modification of Library of Congress, 3927]",2.0
"[Modification of Library of Congress, 3927]",2.0
"[Modification of Library of Congress, 3927]",2.0
"[Modification of Library of Congress, 3927]",2.0
"[Modification of Library of Congress, 3927]",2.0
"[Modification of Library of Congress, 3824]",2.0
"[Modification of Library of Congress, 3824]",2.0
"[Modification of Library of Congress, 3824]",2.0
"[Modification of Library of Congress, 3824]",2.0
"[Modification of Library of Congress, 3824]",2.0
"[Modification of Library of Congress, 3824]",2.0
"[Modification of Library of Congress, 3824]",2.0
"[Modification of Library of Congress, 3819]",2.0
"[Modification of Library of Congress, 3819]",2.0
"[Modification of Library of Congress, 3819]",2.0
"[Modification of Library of Congress, 3819]",2.0
"[Modification of Library of Congress, 3819]",2.0
"[Modification of Library of Congress, 3819]",2.0
"[Modification of Library of Congress, 3674]",2.0
"[Modification of Library of Congress, 3674]",2.0
"[Modification of Library of Congress, 3674]",2.0
"[Modification of Library of Congress, 3674]",2.0
"[Modification of Library of Congress, 3674]",2.0
"[Modification of Library of Congress, 3494]",2.0
"[Modification of Library of Congress, 3494]",2.0
"[Modification of Library of Congress, 3494]",2.0
"[Modification of Library of Congress, 3494]",2.0
"[Modification of Library of Congress, 3494]",2.0
"[Modification of Library of Congress, 3494]",2.0
"[Modification of Library of Congress, 3494]",2.0
"[Modification of Library of Congress, 3494]",2.0
"[Modification of Library of Congress, 3494]",2.0
"[Modification of Library of Congress, 3027]",2.0
"[Modification of Library of Congress, 3027]",2.0
"[Modification of Library of Congress, 3027]",2.0
"[Modification of Library of Congress, 3027]",2.0
"[Modification of Library of Congress, 3027]",2.0
"[Modification of Library of Congress, 3027]",2.0
"[Modification of Library of Congress, 3027]",2.0
"[Modification of Library of Congress, 2966]",2.0
"[Modification of Library of Congress, 2966]",2.0
"[Modification of Library of Congress, 2966]",2.0
"[Modification of Library of Congress, 2966]",2.0
"[Modification of Library of Congress, 2966]",2.0
"[Modification of Library of Congress, 2966]",2.0
"[Modification of Library of Congress, 2966]",2.0
"[Modification of Library of Congress, 2966]",2.0
"[Modification of Library of Congress, 2966]",2.0
"[Modification of Library of Congress, 2687]",2.0
"[Modification of Library of Congress, 2687]",2.0
"[Modification of Library of Congress, 2687]",2.0
"[Modification of Library of Congress, 2687]",2.0
"[Modification of Library of Congress, 2561]",2.0
"[Modification of Library of Congress, 2561]",2.0
"[Modification of Library of Congress, 2561]",2.0
"[Modification of Library of Congress, 2561]",2.0
"[Modification of Library of Congress, 2561]",2.0
"[Modification of Library of Congress, 2561]",2.0
"[Modification of Library of Congress, 2561]",2.0
"[Modification of Library of Congress, 2247]",2.0
"[Modification of Library of Congress, 2247]",2.0
"[Modification of Library of Congress, 2247]",2.0
"[Modification of Library of Congress, 1697]",2.0
"[Modification of Library of Congress, 1697]",2.0
"[Modification of Library of Congress, 1697]",2.0
"[Modification of Library of Congress, 1697]",2.0
"[Modification of Library of Congress, 1697]",2.0
"[Modification of Library of Congress, 1697]",2.0
"[Modification of Library of Congress, 1697]",2.0
"[Modification of Library of Congress, 1697]",2.0
"[Modification of Library of Congress, 1697]",2.0
"[Modification of Library of Congress, 1697]",2.0
"[Modification of Library of Congress, 1657_001]",2.0
"[Modification of Library of Congress, 1657_001]",2.0
"[Modification of Library of Congress, 1657_001]",2.0
"[Modification of Library of Congress, 1657_001]",2.0
"[Modification of Library of Congress, 1657_001]",2.0
"[Modification of Library of Congress, 1657_001]",2.0
"[Left board (Library of Congress, 529)]",2.0
"[Left board (Library of Congress, 4347_3)]",2.0
"[Left board (Library of Congress, 4164)]",2.0
"[Left board (Library of Congress, 3994)]",2.0
"[Left board (Library of Congress, 3929)]",2.0
"[Left board (Library of Congress, 3927)]",2.0
"[Left board (Library of Congress, 2687)]",2.0
"[Left board (Library of Congress, 1657_001)]",2.0
"[Damaged (Library of Congress, 1657_001)]",2.0
"[Covering material (Library of Congress, 4388_101_01)]",2.0
"[Covering material (Library of Congress, 4357_005_001)]",2.0
"[Covering material (Library of Congress, 4053)]",2.0
"[Covering material (Library of Congress, 3968)]",2.0
"[Covering material (Library of Congress, 3929)]",2.0
"[Covering material (Library of Congress, 3824)]",2.0
"[Covering material (Library of Congress, 3494)]",2.0
"[Cover (Library of Congress, 529)]",2.0
"[Cover (Library of Congress, 4539_003)]",2.0
"[Cover (Library of Congress, 4380)]",2.0
"[Cover (Library of Congress, 3819)]",2.0
"[Cover (Library of Congress, 2966)]",2.0
"[Cover (Library of Congress, 2687)]",2.0
"[Cover (Library of Congress, 2561)]",2.0
"[Cover (Library of Congress, 2247)]",2.0
"[Book production (Library of Congress, 529)]",2.0
"[Book production (Library of Congress, 4388_101_01)]",2.0
"[Book production (Library of Congress, 4380)]",2.0
"[Book production (Library of Congress, 4357_005_001)]",2.0
"[Book production (Library of Congress, 4347_3)]",2.0
"[Book production (Library of Congress, 4341)]",2.0
"[Book production (Library of Congress, 4318_003)]",2.0
"[Book production (Library of Congress, 4318_002)]",2.0
"[Book production (Library of Congress, 4318_001)]",2.0
"[Book production (Library of Congress, 4265)]",2.0
"[Book production (Library of Congress, 4247)]",2.0
"[Book production (Library of Congress, 4240)]",2.0
"[Book production (Library of Congress, 4165)]",2.0
"[Book production (Library of Congress, 4164)]",2.0
"[Book production (Library of Congress, 3995)]",2.0
"[Book production (Library of Congress, 3968)]",2.0
"[Book production (Library of Congress, 3967)]",2.0
"[Book production (Library of Congress, 3966)]",2.0
"[Book production (Library of Congress, 3929)]",2.0
"[Book production (Library of Congress, 3928)]",2.0
"[Book production (Library of Congress, 3927)]",2.0
"[Book production (Library of Congress, 3674)]",2.0
"[Book production (Library of Congress, 3494)]",2.0
"[Book production (Library of Congress, 3027)]",2.0
"[Book production (Library of Congress, 2966)]",2.0
"[Book production (Library of Congress, 2687)]",2.0
"[Book production (Library of Congress, 2561)]",2.0
"[Book production (Library of Congress, 2247)]",2.0
"[Book production (Library of Congress, 1697)]",2.0
"[Book production (Library of Congress, 1657_001)]",2.0
"[Addition to Library of Congress, 529]",2.0
"[Addition to Library of Congress, 529]",2.0
"[Addition to Library of Congress, 4380]",2.0
"[Addition to Library of Congress, 4357_005_001]",2.0
"[Addition to Library of Congress, 4347_3]",2.0
"[Addition to Library of Congress, 4265]",2.0
"[Addition to Library of Congress, 4247]",2.0
"[Addition to Library of Congress, 4165]",2.0
"[Addition to Library of Congress, 3995]",2.0
"[Addition to Library of Congress, 3995]",2.0
"[Addition to Library of Congress, 3929]",2.0
"[Addition to Library of Congress, 3928]",2.0
"[Addition to Library of Congress, 3927]",2.0
"[Addition to Library of Congress, 3927]",2.0
"[Addition to Library of Congress, 3824]",2.0
"[Addition to Library of Congress, 3819]",2.0
"[Addition to Library of Congress, 3674]",2.0
"[Addition to Library of Congress, 3027]",2.0
"[Addition to Library of Congress, 2687]",2.0
"[Addition to Library of Congress, 2561]",2.0
null,1.0
"[Washington, D.C. (place)]",1.0
"[Tail (Library of Congress, 529)]",1.0
"[Tail (Library of Congress, 4539_003)]",1.0
"[Tail (Library of Congress, 4388_101_01)]",1.0
"[Tail (Library of Congress, 4380)]",1.0
"[Tail (Library of Congress, 4357_005_001)]",1.0
"[Tail (Library of Congress, 4347_3)]",1.0
"[Tail (Library of Congress, 4341)]",1.0
"[Tail (Library of Congress, 4318_006)]",1.0
"[Tail (Library of Congress, 4318_005)]",1.0
"[Tail (Library of Congress, 4318_003)]",1.0
"[Tail (Library of Congress, 4318_002)]",1.0
"[Tail (Library of Congress, 4318_001)]",1.0
"[Tail (Library of Congress, 4265)]",1.0
"[Tail (Library of Congress, 4247)]",1.0
"[Tail (Library of Congress, 4240)]",1.0
"[Tail (Library of Congress, 4165)]",1.0
"[Tail (Library of Congress, 4164)]",1.0
"[Tail (Library of Congress, 4053)]",1.0
"[Tail (Library of Congress, 3995)]",1.0
"[Tail (Library of Congress, 3994)]",1.0
"[Tail (Library of Congress, 3968)]",1.0
"[Tail (Library of Congress, 3967)]",1.0
"[Tail (Library of Congress, 3966)]",1.0
"[Tail (Library of Congress, 3929)]",1.0
"[Tail (Library of Congress, 3928)]",1.0
"[Tail (Library of Congress, 3927)]",1.0
"[Tail (Library of Congress, 3824)]",1.0
"[Tail (Library of Congress, 3819)]",1.0
"[Tail (Library of Congress, 3674)]",1.0
"[Tail (Library of Congress, 3494)]",1.0
"[Tail (Library of Congress, 3027)]",1.0
"[Tail (Library of Congress, 2966)]",1.0
"[Tail (Library of Congress, 2687)]",1.0
"[Tail (Library of Congress, 2561)]",1.0
"[Tail (Library of Congress, 2247)]",1.0
"[Tail (Library of Congress, 1697)]",1.0
"[Tail (Library of Congress, 1657_001)]",1.0
"[Spine (place) (Library of Congress, 529)]",1.0
"[Spine (place) (Library of Congress, 4539_003)]",1.0
"[Spine (place) (Library of Congress, 4388_101_01)]",1.0
"[Spine (place) (Library of Congress, 4380)]",1.0
"[Spine (place) (Library of Congress, 4357_005_001)]",1.0
"[Spine (place) (Library of Congress, 4347_3)]",1.0
"[Spine (place) (Library of Congress, 4341)]",1.0
"[Spine (place) (Library of Congress, 4318_006)]",1.0
"[Spine (place) (Library of Congress, 4318_005)]",1.0
"[Spine (place) (Library of Congress, 4318_003)]",1.0
"[Spine (place) (Library of Congress, 4318_002)]",1.0
"[Spine (place) (Library of Congress, 4318_001)]",1.0
"[Spine (place) (Library of Congress, 4265)]",1.0
"[Spine (place) (Library of Congress, 4247)]",1.0
"[Spine (place) (Library of Congress, 4240)]",1.0
"[Spine (place) (Library of Congress, 4165)]",1.0
"[Spine (place) (Library of Congress, 4164)]",1.0
"[Spine (place) (Library of Congress, 4053)]",1.0
"[Spine (place) (Library of Congress, 3995)]",1.0
"[Spine (place) (Library of Congress, 3994)]",1.0
"[Spine (place) (Library of Congress, 3968)]",1.0
"[Spine (place) (Library of Congress, 3967)]",1.0
"[Spine (place) (Library of Congress, 3966)]",1.0
"[Spine (place) (Library of Congress, 3929)]",1.0
"[Spine (place) (Library of Congress, 3928)]",1.0
"[Spine (place) (Library of Congress, 3927)]",1.0
"[Spine (place) (Library of Congress, 3824)]",1.0
"[Spine (place) (Library of Congress, 3819)]",1.0
"[Spine (place) (Library of Congress, 3674)]",1.0
"[Spine (place) (Library of Congress, 3494)]",1.0
"[Spine (place) (Library of Congress, 3027)]",1.0
"[Spine (place) (Library of Congress, 2966)]",1.0
"[Spine (place) (Library of Congress, 2687)]",1.0
"[Spine (place) (Library of Congress, 2561)]",1.0
"[Spine (place) (Library of Congress, 2247)]",1.0
"[Spine (place) (Library of Congress, 1697)]",1.0
"[Spine (place) (Library of Congress, 1657_001)]",1.0
"[Spine (Library of Congress, 529)]",1.0
"[Spine (Library of Congress, 4539_003)]",1.0
"[Spine (Library of Congress, 4357_005_001)]",1.0
"[Spine (Library of Congress, 4341)]",1.0
"[Spine (Library of Congress, 4318_005)]",1.0
"[Spine (Library of Congress, 4318_003)]",1.0
"[Spine (Library of Congress, 4318_002)]",1.0
"[Spine (Library of Congress, 4318_001)]",1.0
"[Spine (Library of Congress, 4265)]",1.0
"[Spine (Library of Congress, 4247)]",1.0
"[Spine (Library of Congress, 4165)]",1.0
"[Spine (Library of Congress, 4053)]",1.0
"[Spine (Library of Congress, 3967)]",1.0
"[Spine (Library of Congress, 3966)]",1.0
"[Spine (Library of Congress, 3928)]",1.0
"[Spine (Library of Congress, 3824)]",1.0
"[Spine (Library of Congress, 3674)]",1.0
"[Spine (Library of Congress, 3027)]",1.0
"[Spine (Library of Congress, 2966)]",1.0
"[Spine (Library of Congress, 2247)]",1.0
"[Sewing supports (Library of Congress, 529)]",1.0
"[Sewing supports (Library of Congress, 4539_003)]",1.0
"[Sewing supports (Library of Congress, 4388_101_01)]",1.0
"[Sewing supports (Library of Congress, 4380)]",1.0
"[Sewing supports (Library of Congress, 4357_005_001)]",1.0
"[Sewing supports (Library of Congress, 4347_3)]",1.0
"[Sewing supports (Library of Congress, 4341)]",1.0
"[Sewing supports (Library of Congress, 4318_006)]",1.0
"[Sewing supports (Library of Congress, 4318_005)]",1.0
"[Sewing supports (Library of Congress, 4318_003)]",1.0
"[Sewing supports (Library of Congress, 4318_002)]",1.0
"[Sewing supports (Library of Congress, 4318_001)]",1.0
"[Sewing supports (Library of Congress, 4265)]",1.0
"[Sewing supports (Library of Congress, 4247)]",1.0
"[Sewing supports (Library of Congress, 4240)]",1.0
"[Sewing supports (Library of Congress, 4165)]",1.0
"[Sewing supports (Library of Congress, 4164)]",1.0
"[Sewing supports (Library of Congress, 4053)]",1.0
"[Sewing supports (Library of Congress, 3995)]",1.0
"[Sewing supports (Library of Congress, 3994)]",1.0
"[Sewing supports (Library of Congress, 3968)]",1.0
"[Sewing supports (Library of Congress, 3967)]",1.0
"[Sewing supports (Library of Congress, 3966)]",1.0
"[Sewing supports (Library of Congress, 3929)]",1.0
"[Sewing supports (Library of Congress, 3928)]",1.0
"[Sewing supports (Library of Congress, 3927)]",1.0
"[Sewing supports (Library of Congress, 3824)]",1.0
"[Sewing supports (Library of Congress, 3819)]",1.0
"[Sewing supports (Library of Congress, 3674)]",1.0
"[Sewing supports (Library of Congress, 3494)]",1.0
"[Sewing supports (Library of Congress, 3027)]",1.0
"[Sewing supports (Library of Congress, 2966)]",1.0
"[Sewing supports (Library of Congress, 2687)]",1.0
"[Sewing supports (Library of Congress, 2561)]",1.0
"[Sewing supports (Library of Congress, 2247)]",1.0
"[Sewing supports (Library of Congress, 1697)]",1.0
"[Sewing supports (Library of Congress, 1657_001)]",1.0
"[Right (Library of Congress, 529)]",1.0
"[Right (Library of Congress, 529)]",1.0
"[Right (Library of Congress, 4539_003)]",1.0
"[Right (Library of Congress, 4539_003)]",1.0
"[Right (Library of Congress, 4388_101_01)]",1.0
"[Right (Library of Congress, 4388_101_01)]",1.0
"[Right (Library of Congress, 4380)]",1.0
"[Right (Library of Congress, 4380)]",1.0
"[Right (Library of Congress, 4357_005_001)]",1.0
"[Right (Library of Congress, 4357_005_001)]",1.0
"[Right (Library of Congress, 4347_3)]",1.0
"[Right (Library of Congress, 4347_3)]",1.0
"[Right (Library of Congress, 4341)]",1.0
"[Right (Library of Congress, 4341)]",1.0
"[Right (Library of Congress, 4318_006)]",1.0
"[Right (Library of Congress, 4318_006)]",1.0
"[Right (Library of Congress, 4318_005)]",1.0
"[Right (Library of Congress, 4318_005)]",1.0
"[Right (Library of Congress, 4318_003)]",1.0
"[Right (Library of Congress, 4318_003)]",1.0
"[Right (Library of Congress, 4318_002)]",1.0
"[Right (Library of Congress, 4318_002)]",1.0
"[Right (Library of Congress, 4318_001)]",1.0
"[Right (Library of Congress, 4318_001)]",1.0
"[Right (Library of Congress, 4265)]",1.0
"[Right (Library of Congress, 4265)]",1.0
"[Right (Library of Congress, 4247)]",1.0
"[Right (Library of Congress, 4247)]",1.0
"[Right (Library of Congress, 4240)]",1.0
"[Right (Library of Congress, 4240)]",1.0
"[Right (Library of Congress, 4165)]",1.0
"[Right (Library of Congress, 4165)]",1.0
"[Right (Library of Congress, 4164)]",1.0
"[Right (Library of Congress, 4164)]",1.0
"[Right (Library of Congress, 4053)]",1.0
"[Right (Library of Congress, 4053)]",1.0
"[Right (Library of Congress, 3995)]",1.0
"[Right (Library of Congress, 3995)]",1.0
"[Right (Library of Congress, 3994)]",1.0
"[Right (Library of Congress, 3994)]",1.0
"[Right (Library of Congress, 3968)]",1.0
"[Right (Library of Congress, 3968)]",1.0
"[Right (Library of Congress, 3967)]",1.0
"[Right (Library of Congress, 3967)]",1.0
"[Right (Library of Congress, 3966)]",1.0
"[Right (Library of Congress, 3966)]",1.0
"[Right (Library of Congress, 3929)]",1.0
"[Right (Library of Congress, 3929)]",1.0
"[Right (Library of Congress, 3928)]",1.0
"[Right (Library of Congress, 3928)]",1.0
"[Right (Library of Congress, 3927)]",1.0
"[Right (Library of Congress, 3927)]",1.0
"[Right (Library of Congress, 3824)]",1.0
"[Right (Library of Congress, 3824)]",1.0
"[Right (Library of Congress, 3819)]",1.0
"[Right (Library of Congress, 3819)]",1.0
"[Right (Library of Congress, 3674)]",1.0
"[Right (Library of Congress, 3674)]",1.0
"[Right (Library of Congress, 3494)]",1.0
"[Right (Library of Congress, 3494)]",1.0
"[Right (Library of Congress, 3027)]",1.0
"[Right (Library of Congress, 3027)]",1.0
"[Right (Library of Congress, 2966)]",1.0
"[Right (Library of Congress, 2966)]",1.0
"[Right (Library of Congress, 2687)]",1.0
"[Right (Library of Congress, 2687)]",1.0
"[Right (Library of Congress, 2561)]",1.0
"[Right (Library of Congress, 2561)]",1.0
"[Right (Library of Congress, 2247)]",1.0
"[Right (Library of Congress, 2247)]",1.0
"[Right (Library of Congress, 1697)]",1.0
"[Right (Library of Congress, 1697)]",1.0
"[Right (Library of Congress, 1657_001)]",1.0
"[Right (Library of Congress, 1657_001)]",1.0
"[Repaired (Library of Congress, 1657_001)]",1.0
"[Outer joints (Library of Congress, 4388_101_01)]",1.0
"[Outer joints (Library of Congress, 4388_101_01)]",1.0
"[Outer joints (Library of Congress, 4240)]",1.0
"[Outer joints (Library of Congress, 4240)]",1.0
"[Outer joints (Library of Congress, 4164)]",1.0
"[Outer joints (Library of Congress, 4164)]",1.0
"[Outer joints (Library of Congress, 3994)]",1.0
"[Outer joints (Library of Congress, 3994)]",1.0
"[Outer joints (Library of Congress, 3968)]",1.0
"[Outer joints (Library of Congress, 3968)]",1.0
"[Outer joints (Library of Congress, 3929)]",1.0
"[Outer joints (Library of Congress, 3929)]",1.0
"[Outer joints (Library of Congress, 1657_001)]",1.0
"[Outer joints (Library of Congress, 1657_001)]",1.0
"[New sewing (Library of Congress, 529)]",1.0
"[New sewing (Library of Congress, 4380)]",1.0
"[New sewing (Library of Congress, 4357_005_001)]",1.0
"[New sewing (Library of Congress, 4347_3)]",1.0
"[New sewing (Library of Congress, 4265)]",1.0
"[New sewing (Library of Congress, 4247)]",1.0
"[New sewing (Library of Congress, 4165)]",1.0
"[New sewing (Library of Congress, 3995)]",1.0
"[New sewing (Library of Congress, 3929)]",1.0
"[New sewing (Library of Congress, 3928)]",1.0
"[New sewing (Library of Congress, 3927)]",1.0
"[New sewing (Library of Congress, 3824)]",1.0
"[New sewing (Library of Congress, 3819)]",1.0
"[New sewing (Library of Congress, 3674)]",1.0
"[New sewing (Library of Congress, 3027)]",1.0
"[New sewing (Library of Congress, 2561)]",1.0
"[New covers (Library of Congress, 529)]",1.0
"[New covers (Library of Congress, 529)]",1.0
"[New covers (Library of Congress, 4539_003)]",1.0
"[New covers (Library of Congress, 4357_005_001)]",1.0
"[New covers (Library of Congress, 4341)]",1.0
"[New covers (Library of Congress, 4318_005)]",1.0
"[New covers (Library of Congress, 4318_003)]",1.0
"[New covers (Library of Congress, 4318_002)]",1.0
"[New covers (Library of Congress, 4318_001)]",1.0
"[New covers (Library of Congress, 4265)]",1.0
"[New covers (Library of Congress, 4247)]",1.0
"[New covers (Library of Congress, 4165)]",1.0
"[New covers (Library of Congress, 4053)]",1.0
"[New covers (Library of Congress, 3995)]",1.0
"[New covers (Library of Congress, 3967)]",1.0
"[New covers (Library of Congress, 3966)]",1.0
"[New covers (Library of Congress, 3928)]",1.0
"[New covers (Library of Congress, 3927)]",1.0
"[New covers (Library of Congress, 3824)]",1.0
"[New covers (Library of Congress, 3674)]",1.0
"[New covers (Library of Congress, 3027)]",1.0
"[New covers (Library of Congress, 2966)]",1.0
"[New covers (Library of Congress, 2687)]",1.0
"[New covers (Library of Congress, 2247)]",1.0
"[Mold (Library of Congress, 2687)]",1.0
"[Losses (Library of Congress, 4341)]",1.0
"[Losses (Library of Congress, 4341)]",1.0
"[Losses (Library of Congress, 3927)]",1.0
"[Losses (Library of Congress, 3927)]",1.0
"[Losses (Library of Congress, 3824)]",1.0
"[Losses (Library of Congress, 3824)]",1.0
"[Losses (Library of Congress, 3674)]",1.0
"[Losses (Library of Congress, 3674)]",1.0
"[Losses (Library of Congress, 2966)]",1.0
"[Losses (Library of Congress, 2966)]",1.0
"[Lifted (Library of Congress, 4357_005_001)]",1.0
"[Lifted (Library of Congress, 3027)]",1.0
"[Left (Library of Congress, 529)]",1.0
"[Left (Library of Congress, 529)]",1.0
"[Left (Library of Congress, 4539_003)]",1.0
"[Left (Library of Congress, 4539_003)]",1.0
"[Left (Library of Congress, 4388_101_01)]",1.0
"[Left (Library of Congress, 4388_101_01)]",1.0
"[Left (Library of Congress, 4380)]",1.0
"[Left (Library of Congress, 4380)]",1.0
"[Left (Library of Congress, 4357_005_001)]",1.0
"[Left (Library of Congress, 4357_005_001)]",1.0
"[Left (Library of Congress, 4347_3)]",1.0
"[Left (Library of Congress, 4347_3)]",1.0
"[Left (Library of Congress, 4341)]",1.0
"[Left (Library of Congress, 4341)]",1.0
"[Left (Library of Congress, 4318_006)]",1.0
"[Left (Library of Congress, 4318_006)]",1.0
"[Left (Library of Congress, 4318_005)]",1.0
"[Left (Library of Congress, 4318_005)]",1.0
"[Left (Library of Congress, 4318_003)]",1.0
"[Left (Library of Congress, 4318_003)]",1.0
"[Left (Library of Congress, 4318_002)]",1.0
"[Left (Library of Congress, 4318_002)]",1.0
"[Left (Library of Congress, 4318_001)]",1.0
"[Left (Library of Congress, 4318_001)]",1.0
"[Left (Library of Congress, 4265)]",1.0
"[Left (Library of Congress, 4265)]",1.0
"[Left (Library of Congress, 4247)]",1.0
"[Left (Library of Congress, 4247)]",1.0
"[Left (Library of Congress, 4240)]",1.0
"[Left (Library of Congress, 4240)]",1.0
"[Left (Library of Congress, 4165)]",1.0
"[Left (Library of Congress, 4165)]",1.0
"[Left (Library of Congress, 4164)]",1.0
"[Left (Library of Congress, 4164)]",1.0
"[Left (Library of Congress, 4053)]",1.0
"[Left (Library of Congress, 4053)]",1.0
"[Left (Library of Congress, 3995)]",1.0
"[Left (Library of Congress, 3995)]",1.0
"[Left (Library of Congress, 3994)]",1.0
"[Left (Library of Congress, 3994)]",1.0
"[Left (Library of Congress, 3968)]",1.0
"[Left (Library of Congress, 3968)]",1.0
"[Left (Library of Congress, 3967)]",1.0
"[Left (Library of Congress, 3967)]",1.0
"[Left (Library of Congress, 3966)]",1.0
"[Left (Library of Congress, 3966)]",1.0
"[Left (Library of Congress, 3929)]",1.0
"[Left (Library of Congress, 3929)]",1.0
"[Left (Library of Congress, 3928)]",1.0
"[Left (Library of Congress, 3928)]",1.0
"[Left (Library of Congress, 3927)]",1.0
"[Left (Library of Congress, 3927)]",1.0
"[Left (Library of Congress, 3824)]",1.0
"[Left (Library of Congress, 3824)]",1.0
"[Left (Library of Congress, 3819)]",1.0
"[Left (Library of Congress, 3819)]",1.0
"[Left (Library of Congress, 3674)]",1.0
"[Left (Library of Congress, 3674)]",1.0
"[Left (Library of Congress, 3494)]",1.0
"[Left (Library of Congress, 3494)]",1.0
"[Left (Library of Congress, 3027)]",1.0
"[Left (Library of Congress, 3027)]",1.0
"[Left (Library of Congress, 2966)]",1.0
"[Left (Library of Congress, 2966)]",1.0
"[Left (Library of Congress, 2687)]",1.0
"[Left (Library of Congress, 2687)]",1.0
"[Left (Library of Congress, 2561)]",1.0
"[Left (Library of Congress, 2561)]",1.0
"[Left (Library of Congress, 2247)]",1.0
"[Left (Library of Congress, 2247)]",1.0
"[Left (Library of Congress, 1697)]",1.0
"[Left (Library of Congress, 1697)]",1.0
"[Left (Library of Congress, 1657_001)]",1.0
"[Left (Library of Congress, 1657_001)]",1.0
"[Inner joints (Library of Congress, 4357_005_001)]",1.0
"[Inner joints (Library of Congress, 4357_005_001)]",1.0
"[Inner joints (Library of Congress, 4265)]",1.0
"[Inner joints (Library of Congress, 4265)]",1.0
"[Inner joints (Library of Congress, 4053)]",1.0
"[Inner joints (Library of Congress, 4053)]",1.0
"[Inner joints (Library of Congress, 3995)]",1.0
"[Inner joints (Library of Congress, 3995)]",1.0
"[Inner joints (Library of Congress, 3994)]",1.0
"[Inner joints (Library of Congress, 3994)]",1.0
"[Inner joints (Library of Congress, 3968)]",1.0
"[Inner joints (Library of Congress, 3968)]",1.0
"[Inner joints (Library of Congress, 3967)]",1.0
"[Inner joints (Library of Congress, 3967)]",1.0
"[Inner joints (Library of Congress, 3966)]",1.0
"[Inner joints (Library of Congress, 3966)]",1.0
"[Inner joints (Library of Congress, 3929)]",1.0
"[Inner joints (Library of Congress, 3929)]",1.0
"[Inner joints (Library of Congress, 3928)]",1.0
"[Inner joints (Library of Congress, 3928)]",1.0
"[Inner joints (Library of Congress, 3824)]",1.0
"[Inner joints (Library of Congress, 3824)]",1.0
"[Head (Library of Congress, 529)]",1.0
"[Head (Library of Congress, 4539_003)]",1.0
"[Head (Library of Congress, 4388_101_01)]",1.0
"[Head (Library of Congress, 4380)]",1.0
"[Head (Library of Congress, 4357_005_001)]",1.0
"[Head (Library of Congress, 4347_3)]",1.0
"[Head (Library of Congress, 4341)]",1.0
"[Head (Library of Congress, 4318_006)]",1.0
"[Head (Library of Congress, 4318_005)]",1.0
"[Head (Library of Congress, 4318_003)]",1.0
"[Head (Library of Congress, 4318_002)]",1.0
"[Head (Library of Congress, 4318_001)]",1.0
"[Head (Library of Congress, 4265)]",1.0
"[Head (Library of Congress, 4247)]",1.0
"[Head (Library of Congress, 4240)]",1.0
"[Head (Library of Congress, 4165)]",1.0
"[Head (Library of Congress, 4164)]",1.0
"[Head (Library of Congress, 4053)]",1.0
"[Head (Library of Congress, 3995)]",1.0
"[Head (Library of Congress, 3994)]",1.0
"[Head (Library of Congress, 3968)]",1.0
"[Head (Library of Congress, 3967)]",1.0
"[Head (Library of Congress, 3966)]",1.0
"[Head (Library of Congress, 3929)]",1.0
"[Head (Library of Congress, 3928)]",1.0
"[Head (Library of Congress, 3927)]",1.0
"[Head (Library of Congress, 3824)]",1.0
"[Head (Library of Congress, 3819)]",1.0
"[Head (Library of Congress, 3674)]",1.0
"[Head (Library of Congress, 3494)]",1.0
"[Head (Library of Congress, 3027)]",1.0
"[Head (Library of Congress, 2966)]",1.0
"[Head (Library of Congress, 2687)]",1.0
"[Head (Library of Congress, 2561)]",1.0
"[Head (Library of Congress, 2247)]",1.0
"[Head (Library of Congress, 1697)]",1.0
"[Head (Library of Congress, 1657_001)]",1.0
"[Gold tooling (Library of Congress, 529)]",1.0
"[Gold tooling (Library of Congress, 4388_101_01)]",1.0
"[Gold tooling (Library of Congress, 4380)]",1.0
"[Gold tooling (Library of Congress, 4247)]",1.0
"[Gold tooling (Library of Congress, 4240)]",1.0
"[Gold tooling (Library of Congress, 3968)]",1.0
"[Gold tooling (Library of Congress, 3966)]",1.0
"[Gold tooling (Library of Congress, 3929)]",1.0
"[Gold tooling (Library of Congress, 3927)]",1.0
"[Gold tooling (Library of Congress, 3824)]",1.0
"[Gold tooling (Library of Congress, 2247)]",1.0
"[Gold tooling (Library of Congress, 1697)]",1.0
"[Gold stamping (Library of Congress, 4347_3)]",1.0
"[Gold stamping (Library of Congress, 4318_006)]",1.0
"[Gold stamping (Library of Congress, 4165)]",1.0
"[Gold stamping (Library of Congress, 4164)]",1.0
"[Gold stamping (Library of Congress, 4053)]",1.0
"[Gold stamping (Library of Congress, 3994)]",1.0
"[Edges (Library of Congress, 4247)]",1.0
"[Edges (Library of Congress, 4247)]",1.0
"[Edges (Library of Congress, 4053)]",1.0
"[Edges (Library of Congress, 4053)]",1.0
"[Edges (Library of Congress, 3968)]",1.0
"[Edges (Library of Congress, 3968)]",1.0
"[Edges (Library of Congress, 3928)]",1.0
"[Edges (Library of Congress, 3928)]",1.0
"[Edges (Library of Congress, 3824)]",1.0
"[Edges (Library of Congress, 3824)]",1.0
"[Edges (Library of Congress, 3027)]",1.0
"[Edges (Library of Congress, 3027)]",1.0
"[Edges (Library of Congress, 2966)]",1.0
"[Edges (Library of Congress, 2966)]",1.0
"[Distortion (Library of Congress, 4347_3)]",1.0
"[Distortion (Library of Congress, 3995)]",1.0
"[Distortion (Library of Congress, 3994)]",1.0
"[Distortion (Library of Congress, 2561)]",1.0
"[Distortion (Library of Congress, 1697)]",1.0
"[Detached (Library of Congress, 4539_003)]",1.0
"[Detached (Library of Congress, 4539_003)]",1.0
"[Detached (Library of Congress, 4388_101_01)]",1.0
"[Detached (Library of Congress, 4388_101_01)]",1.0
"[Detached (Library of Congress, 4357_005_001)]",1.0
"[Detached (Library of Congress, 4357_005_001)]",1.0
"[Detached (Library of Congress, 4341)]",1.0
"[Detached (Library of Congress, 4341)]",1.0
"[Detached (Library of Congress, 4318_006)]",1.0
"[Detached (Library of Congress, 4318_006)]",1.0
"[Detached (Library of Congress, 4318_005)]",1.0
"[Detached (Library of Congress, 4318_005)]",1.0
"[Detached (Library of Congress, 4318_003)]",1.0
"[Detached (Library of Congress, 4318_003)]",1.0
"[Detached (Library of Congress, 4318_002)]",1.0
"[Detached (Library of Congress, 4318_002)]",1.0
"[Detached (Library of Congress, 4318_001)]",1.0
"[Detached (Library of Congress, 4318_001)]",1.0
"[Detached (Library of Congress, 4265)]",1.0
"[Detached (Library of Congress, 4265)]",1.0
"[Detached (Library of Congress, 4240)]",1.0
"[Detached (Library of Congress, 4240)]",1.0
"[Detached (Library of Congress, 4165)]",1.0
"[Detached (Library of Congress, 4165)]",1.0
"[Detached (Library of Congress, 3995)]",1.0
"[Detached (Library of Congress, 3995)]",1.0
"[Detached (Library of Congress, 3967)]",1.0
"[Detached (Library of Congress, 3967)]",1.0
"[Detached (Library of Congress, 3966)]",1.0
"[Detached (Library of Congress, 3966)]",1.0
"[Detached (Library of Congress, 3819)]",1.0
"[Detached (Library of Congress, 3819)]",1.0
"[Detached (Library of Congress, 3494)]",1.0
"[Detached (Library of Congress, 3494)]",1.0
"[Detached (Library of Congress, 2247)]",1.0
"[Detached (Library of Congress, 2247)]",1.0
"[Detached (Library of Congress, 1697)]",1.0
"[Detached (Library of Congress, 1697)]",1.0
"[Degraded (Library of Congress, 4388_101_01)]",1.0
"[Degraded (Library of Congress, 4053)]",1.0
"[Degraded (Library of Congress, 3968)]",1.0
"[Degraded (Library of Congress, 3929)]",1.0
"[Degraded (Library of Congress, 3824)]",1.0
"[Degraded (Library of Congress, 3494)]",1.0
"[Degraded (Library of Congress, 3027)]",1.0
"[Damaged (Library of Congress, 529)]",1.0
"[Damaged (Library of Congress, 4539_003)]",1.0
"[Damaged (Library of Congress, 4388_101_01)]",1.0
"[Damaged (Library of Congress, 4357_005_001)]",1.0
"[Damaged (Library of Congress, 4347_3)]",1.0
"[Damaged (Library of Congress, 4341)]",1.0
"[Damaged (Library of Congress, 4265)]",1.0
"[Damaged (Library of Congress, 4247)]",1.0
"[Damaged (Library of Congress, 4247)]",1.0
"[Damaged (Library of Congress, 4247)]",1.0
"[Damaged (Library of Congress, 4240)]",1.0
"[Damaged (Library of Congress, 4053)]",1.0
"[Damaged (Library of Congress, 4053)]",1.0
"[Damaged (Library of Congress, 4053)]",1.0
"[Damaged (Library of Congress, 3995)]",1.0
"[Damaged (Library of Congress, 3994)]",1.0
"[Damaged (Library of Congress, 3968)]",1.0
"[Damaged (Library of Congress, 3968)]",1.0
"[Damaged (Library of Congress, 3968)]",1.0
"[Damaged (Library of Congress, 3967)]",1.0
"[Damaged (Library of Congress, 3928)]",1.0
"[Damaged (Library of Congress, 3928)]",1.0
"[Damaged (Library of Congress, 3928)]",1.0
"[Damaged (Library of Congress, 3927)]",1.0
"[Damaged (Library of Congress, 3824)]",1.0
"[Damaged (Library of Congress, 3824)]",1.0
"[Damaged (Library of Congress, 3824)]",1.0
"[Damaged (Library of Congress, 3819)]",1.0
"[Damaged (Library of Congress, 3674)]",1.0
"[Damaged (Library of Congress, 3494)]",1.0
"[Damaged (Library of Congress, 3027)]",1.0
"[Damaged (Library of Congress, 3027)]",1.0
"[Damaged (Library of Congress, 2966)]",1.0
"[Damaged (Library of Congress, 2966)]",1.0
"[Damaged (Library of Congress, 2966)]",1.0
"[Damaged (Library of Congress, 2687)]",1.0
"[Damaged (Library of Congress, 2561)]",1.0
"[Damaged (Library of Congress, 2247)]",1.0
"[Damaged (Library of Congress, 1697)]",1.0
"[Damaged (Library of Congress, 1657_001)]",1.0
"[Covering material-place (Library of Congress, 4388_101_01)]",1.0
"[Covering material-place (Library of Congress, 4357_005_001)]",1.0
"[Covering material-place (Library of Congress, 4053)]",1.0
"[Covering material-place (Library of Congress, 3968)]",1.0
"[Covering material-place (Library of Congress, 3929)]",1.0
"[Covering material-place (Library of Congress, 3824)]",1.0
"[Covering material-place (Library of Congress, 3494)]",1.0
"[Covering material-place (Library of Congress, 3027)]",1.0
"[Covering material-place (Library of Congress, 3027)]",1.0
"[Cover (Library of Congress, 3674)]",1.0
[Conservator],1.0
[Conservator],1.0
[Conservator],1.0
[Conservator],1.0
[Conservator],1.0
[Conservator],1.0
[Conservator],1.0
[Conservator],1.0
[Conservator],1.0
[Conservator],1.0
[Conservator],1.0
[Conservator],1.0
[Conservator],1.0
[Conservator],1.0
[Conservator],1.0
[Conservator],1.0
[Conservator],1.0
[Conservator],1.0
[Conservator],1.0
[Conservator],1.0
[Conservator],1.0
[Conservator],1.0
[Conservator],1.0
[Conservator],1.0
[Conservator],1.0
[Conservator],1.0
[Conservator],1.0
[Conservator],1.0
[Conservator],1.0
[Conservator],1.0
[Conservator],1.0
[Conservator],1.0
[Conservator],1.0
[Conservator],1.0
[Conservator],1.0
[Conservator],1.0
[Conservator],1.0
[Conservator],1.0
[Conservator],1.0
[Conservator],1.0
[Conservator],1.0
[Conservator],1.0
[Conservator],1.0
[Conservator],1.0
[Conservator],1.0
[Conservator],1.0
[Conservator],1.0
[Conservator],1.0
[Conservator],1.0
"[Conservation treatment date (Library of Congress, 529)]",1.0
"[Conservation treatment date (Library of Congress, 4539_003)]",1.0
"[Conservation treatment date (Library of Congress, 4388_101_01)]",1.0
"[Conservation treatment date (Library of Congress, 4380)]",1.0
"[Conservation treatment date (Library of Congress, 4357_005_001)]",1.0
"[Conservation treatment date (Library of Congress, 4347_3)]",1.0
"[Conservation treatment date (Library of Congress, 4341)]",1.0
"[Conservation treatment date (Library of Congress, 4318_006)]",1.0
"[Conservation treatment date (Library of Congress, 4318_005)]",1.0
"[Conservation treatment date (Library of Congress, 4318_003)]",1.0
"[Conservation treatment date (Library of Congress, 4318_002)]",1.0
"[Conservation treatment date (Library of Congress, 4318_001)]",1.0
"[Conservation treatment date (Library of Congress, 4265)]",1.0
"[Conservation treatment date (Library of Congress, 4247)]",1.0
"[Conservation treatment date (Library of Congress, 4240)]",1.0
"[Conservation treatment date (Library of Congress, 4165)]",1.0
"[Conservation treatment date (Library of Congress, 4164)]",1.0
"[Conservation treatment date (Library of Congress, 4053)]",1.0
"[Conservation treatment date (Library of Congress, 3995)]",1.0
"[Conservation treatment date (Library of Congress, 3994)]",1.0
"[Conservation treatment date (Library of Congress, 3968)]",1.0
"[Conservation treatment date (Library of Congress, 3967)]",1.0
"[Conservation treatment date (Library of Congress, 3966)]",1.0
"[Conservation treatment date (Library of Congress, 3929)]",1.0
"[Conservation treatment date (Library of Congress, 3928)]",1.0
"[Conservation treatment date (Library of Congress, 3927)]",1.0
"[Conservation treatment date (Library of Congress, 3824)]",1.0
"[Conservation treatment date (Library of Congress, 3819)]",1.0
"[Conservation treatment date (Library of Congress, 3674)]",1.0
"[Conservation treatment date (Library of Congress, 3494)]",1.0
"[Conservation treatment date (Library of Congress, 3027)]",1.0
"[Conservation treatment date (Library of Congress, 2966)]",1.0
"[Conservation treatment date (Library of Congress, 2687)]",1.0
"[Conservation treatment date (Library of Congress, 2561)]",1.0
"[Conservation treatment date (Library of Congress, 2247)]",1.0
"[Conservation treatment date (Library of Congress, 1697)]",1.0
"[Conservation treatment date (Library of Congress, 1657_001)]",1.0
"[Conservation Report (Library of Congress, 529)]",1.0
"[Conservation Report (Library of Congress, 4539_003)]",1.0
"[Conservation Report (Library of Congress, 4388_101_01)]",1.0
"[Conservation Report (Library of Congress, 4380)]",1.0
"[Conservation Report (Library of Congress, 4357_005_001)]",1.0
"[Conservation Report (Library of Congress, 4347_3)]",1.0
"[Conservation Report (Library of Congress, 4341)]",1.0
"[Conservation Report (Library of Congress, 4318_006)]",1.0
"[Conservation Report (Library of Congress, 4318_005)]",1.0
"[Conservation Report (Library of Congress, 4318_003)]",1.0
"[Conservation Report (Library of Congress, 4318_002)]",1.0
"[Conservation Report (Library of Congress, 4318_001)]",1.0
"[Conservation Report (Library of Congress, 4265)]",1.0
"[Conservation Report (Library of Congress, 4247)]",1.0
"[Conservation Report (Library of Congress, 4240)]",1.0
"[Conservation Report (Library of Congress, 4165)]",1.0
"[Conservation Report (Library of Congress, 4164)]",1.0
"[Conservation Report (Library of Congress, 4053)]",1.0
"[Conservation Report (Library of Congress, 3995)]",1.0
"[Conservation Report (Library of Congress, 3994)]",1.0
"[Conservation Report (Library of Congress, 3968)]",1.0
"[Conservation Report (Library of Congress, 3967)]",1.0
"[Conservation Report (Library of Congress, 3966)]",1.0
"[Conservation Report (Library of Congress, 3929)]",1.0
"[Conservation Report (Library of Congress, 3928)]",1.0
"[Conservation Report (Library of Congress, 3927)]",1.0
"[Conservation Report (Library of Congress, 3824)]",1.0
"[Conservation Report (Library of Congress, 3819)]",1.0
"[Conservation Report (Library of Congress, 3674)]",1.0
"[Conservation Report (Library of Congress, 3494)]",1.0
"[Conservation Report (Library of Congress, 3027)]",1.0
"[Conservation Report (Library of Congress, 2966)]",1.0
"[Conservation Report (Library of Congress, 2687)]",1.0
"[Conservation Report (Library of Congress, 2561)]",1.0
"[Conservation Report (Library of Congress, 2247)]",1.0
"[Conservation Report (Library of Congress, 1697)]",1.0
"[Conservation Report (Library of Congress, 1657_001)]",1.0
"[Broken (Library of Congress, 4539_003)]",1.0
"[Broken (Library of Congress, 4539_003)]",1.0
"[Broken (Library of Congress, 4388_101_01)]",1.0
"[Broken (Library of Congress, 4388_101_01)]",1.0
"[Broken (Library of Congress, 4357_005_001)]",1.0
"[Broken (Library of Congress, 4357_005_001)]",1.0
"[Broken (Library of Congress, 4341)]",1.0
"[Broken (Library of Congress, 4341)]",1.0
"[Broken (Library of Congress, 4318_006)]",1.0
"[Broken (Library of Congress, 4318_006)]",1.0
"[Broken (Library of Congress, 4318_005)]",1.0
"[Broken (Library of Congress, 4318_005)]",1.0
"[Broken (Library of Congress, 4318_003)]",1.0
"[Broken (Library of Congress, 4318_003)]",1.0
"[Broken (Library of Congress, 4318_002)]",1.0
"[Broken (Library of Congress, 4318_002)]",1.0
"[Broken (Library of Congress, 4318_001)]",1.0
"[Broken (Library of Congress, 4318_001)]",1.0
"[Broken (Library of Congress, 4265)]",1.0
"[Broken (Library of Congress, 4265)]",1.0
"[Broken (Library of Congress, 4247)]",1.0
"[Broken (Library of Congress, 4247)]",1.0
"[Broken (Library of Congress, 4240)]",1.0
"[Broken (Library of Congress, 4240)]",1.0
"[Broken (Library of Congress, 4165)]",1.0
"[Broken (Library of Congress, 4165)]",1.0
"[Broken (Library of Congress, 4053)]",1.0
"[Broken (Library of Congress, 4053)]",1.0
"[Broken (Library of Congress, 3995)]",1.0
"[Broken (Library of Congress, 3995)]",1.0
"[Broken (Library of Congress, 3968)]",1.0
"[Broken (Library of Congress, 3968)]",1.0
"[Broken (Library of Congress, 3967)]",1.0
"[Broken (Library of Congress, 3967)]",1.0
"[Broken (Library of Congress, 3966)]",1.0
"[Broken (Library of Congress, 3966)]",1.0
"[Broken (Library of Congress, 3928)]",1.0
"[Broken (Library of Congress, 3928)]",1.0
"[Broken (Library of Congress, 3824)]",1.0
"[Broken (Library of Congress, 3824)]",1.0
"[Broken (Library of Congress, 3819)]",1.0
"[Broken (Library of Congress, 3819)]",1.0
"[Broken (Library of Congress, 3494)]",1.0
"[Broken (Library of Congress, 3494)]",1.0
"[Broken (Library of Congress, 2966)]",1.0
"[Broken (Library of Congress, 2966)]",1.0
"[Broken (Library of Congress, 2247)]",1.0
"[Broken (Library of Congress, 2247)]",1.0
"[Broken (Library of Congress, 1697)]",1.0
"[Broken (Library of Congress, 1697)]",1.0
"[Bookblock spine (Library of Congress, 529)]",1.0
"[Bookblock spine (Library of Congress, 4539_003)]",1.0
"[Bookblock spine (Library of Congress, 4388_101_01)]",1.0
"[Bookblock spine (Library of Congress, 4380)]",1.0
"[Bookblock spine (Library of Congress, 4357_005_001)]",1.0
"[Bookblock spine (Library of Congress, 4347_3)]",1.0
"[Bookblock spine (Library of Congress, 4341)]",1.0
"[Bookblock spine (Library of Congress, 4318_006)]",1.0
"[Bookblock spine (Library of Congress, 4318_005)]",1.0
"[Bookblock spine (Library of Congress, 4318_003)]",1.0
"[Bookblock spine (Library of Congress, 4318_002)]",1.0
"[Bookblock spine (Library of Congress, 4318_001)]",1.0
"[Bookblock spine (Library of Congress, 4265)]",1.0
"[Bookblock spine (Library of Congress, 4247)]",1.0
"[Bookblock spine (Library of Congress, 4240)]",1.0
"[Bookblock spine (Library of Congress, 4165)]",1.0
"[Bookblock spine (Library of Congress, 4164)]",1.0
"[Bookblock spine (Library of Congress, 4053)]",1.0
"[Bookblock spine (Library of Congress, 3995)]",1.0
"[Bookblock spine (Library of Congress, 3994)]",1.0
"[Bookblock spine (Library of Congress, 3968)]",1.0
"[Bookblock spine (Library of Congress, 3967)]",1.0
"[Bookblock spine (Library of Congress, 3966)]",1.0
"[Bookblock spine (Library of Congress, 3929)]",1.0
"[Bookblock spine (Library of Congress, 3928)]",1.0
"[Bookblock spine (Library of Congress, 3927)]",1.0
"[Bookblock spine (Library of Congress, 3824)]",1.0
"[Bookblock spine (Library of Congress, 3819)]",1.0
"[Bookblock spine (Library of Congress, 3674)]",1.0
"[Bookblock spine (Library of Congress, 3494)]",1.0
"[Bookblock spine (Library of Congress, 3027)]",1.0
"[Bookblock spine (Library of Congress, 2966)]",1.0
"[Bookblock spine (Library of Congress, 2687)]",1.0
"[Bookblock spine (Library of Congress, 2561)]",1.0
"[Bookblock spine (Library of Congress, 2247)]",1.0
"[Bookblock spine (Library of Congress, 1697)]",1.0
"[Bookblock spine (Library of Congress, 1657_001)]",1.0
"[Blind tooling (Library of Congress, 4388_101_01)]",1.0
"[Blind tooling (Library of Congress, 3968)]",1.0
"[Blind tooling (Library of Congress, 3967)]",1.0
"[Blind tooling (Library of Congress, 3494)]",1.0
"[Blind tooling (Library of Congress, 3027)]",1.0
"[Blind tooling (Library of Congress, 2966)]",1.0
"[Blind tooling (Library of Congress, 1657_001)]",1.0
"[Attribute assignment date (Library of Congress, 529)]",1.0
"[Attribute assignment date (Library of Congress, 4539_003)]",1.0
"[Attribute assignment date (Library of Congress, 4388_101_01)]",1.0
"[Attribute assignment date (Library of Congress, 4380)]",1.0
"[Attribute assignment date (Library of Congress, 4357_005_001)]",1.0
"[Attribute assignment date (Library of Congress, 4347_3)]",1.0
"[Attribute assignment date (Library of Congress, 4341)]",1.0
"[Attribute assignment date (Library of Congress, 4318_006)]",1.0
"[Attribute assignment date (Library of Congress, 4318_005)]",1.0
"[Attribute assignment date (Library of Congress, 4318_003)]",1.0
"[Attribute assignment date (Library of Congress, 4318_002)]",1.0
"[Attribute assignment date (Library of Congress, 4318_001)]",1.0
"[Attribute assignment date (Library of Congress, 4265)]",1.0
"[Attribute assignment date (Library of Congress, 4247)]",1.0
"[Attribute assignment date (Library of Congress, 4240)]",1.0
"[Attribute assignment date (Library of Congress, 4165)]",1.0
"[Attribute assignment date (Library of Congress, 4164)]",1.0
"[Attribute assignment date (Library of Congress, 4053)]",1.0
"[Attribute assignment date (Library of Congress, 3995)]",1.0
"[Attribute assignment date (Library of Congress, 3994)]",1.0
"[Attribute assignment date (Library of Congress, 3968)]",1.0
"[Attribute assignment date (Library of Congress, 3967)]",1.0
"[Attribute assignment date (Library of Congress, 3966)]",1.0
"[Attribute assignment date (Library of Congress, 3929)]",1.0
"[Attribute assignment date (Library of Congress, 3928)]",1.0
"[Attribute assignment date (Library of Congress, 3927)]",1.0
"[Attribute assignment date (Library of Congress, 3824)]",1.0
"[Attribute assignment date (Library of Congress, 3819)]",1.0
"[Attribute assignment date (Library of Congress, 3674)]",1.0
"[Attribute assignment date (Library of Congress, 3494)]",1.0
"[Attribute assignment date (Library of Congress, 3027)]",1.0
"[Attribute assignment date (Library of Congress, 2966)]",1.0
"[Attribute assignment date (Library of Congress, 2687)]",1.0
"[Attribute assignment date (Library of Congress, 2561)]",1.0
"[Attribute assignment date (Library of Congress, 2247)]",1.0
"[Attribute assignment date (Library of Congress, 1697)]",1.0
"[Attribute assignment date (Library of Congress, 1657_001)]",1.0
null,0.0
null,0.0
null,0.0
null,0.0
null,0.0
null,0.0
null,0.0
null,0.0
[washing],0.0
[tooling],0.0
[textblocks],0.0
[tape removal],0.0
[tail],0.0
[spine (bookblocks)],0.0
[spine],0.0
[sizing],0.0
[sewn structures],0.0
[sewing supports],0.0
[sewing],0.0
[right],0.0
[resewing],0.0
[repaired],0.0
[removing guards],0.0
[recase],0.0
[rebinding],0.0
[rebacking],0.0
[readhere lifting covering material],0.0
[previous mend removal],0.0
[outer joints],0.0
[outer joint repair],0.0
[mold remediation],0.0
[mold],0.0
[mending],0.0
[losses],0.0
[lifted],0.0
[left],0.0
[leather consolidation],0.0
[inner joints],0.0
[inner joint repair],0.0
[humidification],0.0
[hinging],0.0
[hinge removal],0.0
[head],0.0
[guarding],0.0
[gold tooling],0.0
[gold stamping],0.0
[flattening],0.0
[fills],0.0
"[edges,bookblock edges]",0.0
[edge coloring],0.0
[dry cleaning],0.0
[distortion],0.0
[disbinding],0.0
[detached],0.0
[description],0.0
[degraded],0.0
[damaged],0.0
[cut],0.0
[covers],0.0
[covering material],0.0
[conservators (people in conservation)],0.0
[conservation (process)],0.0
[broken],0.0
[books],0.0
[bookblocks],0.0
[boards],0.0
[board slotting],0.0
[board reattachment],0.0
[board edge consolidation],0.0
[blind tooling],0.0
[alkalyzation],0.0
[acidic],0.0
[Wove Paper],0.0
[Wheat Starch Paste],0.0
[Watercolor],0.0
[Water],0.0
"[Washington, D.C. (name)]",0.0
[Textile],0.0
[Suede],0.0
[SC6000],0.0
[Remoistenable Tissue],0.0
[RK Paper],0.0
"[Project Number (Library of Congress, 529)]",0.0
"[Project Number (Library of Congress, 4539_003)]",0.0
"[Project Number (Library of Congress, 4388_101_01)]",0.0
"[Project Number (Library of Congress, 4380)]",0.0
"[Project Number (Library of Congress, 4357_005_001)]",0.0
"[Project Number (Library of Congress, 4347_3)]",0.0
"[Project Number (Library of Congress, 4341)]",0.0
"[Project Number (Library of Congress, 4318_006)]",0.0
"[Project Number (Library of Congress, 4318_005)]",0.0
"[Project Number (Library of Congress, 4318_003)]",0.0
"[Project Number (Library of Congress, 4318_002)]",0.0
"[Project Number (Library of Congress, 4318_001)]",0.0
"[Project Number (Library of Congress, 4265)]",0.0
"[Project Number (Library of Congress, 4247)]",0.0
"[Project Number (Library of Congress, 4240)]",0.0
"[Project Number (Library of Congress, 4165)]",0.0
"[Project Number (Library of Congress, 4164)]",0.0
"[Project Number (Library of Congress, 4053)]",0.0
"[Project Number (Library of Congress, 3995)]",0.0
"[Project Number (Library of Congress, 3994)]",0.0
"[Project Number (Library of Congress, 3968)]",0.0
"[Project Number (Library of Congress, 3967)]",0.0
"[Project Number (Library of Congress, 3966)]",0.0
"[Project Number (Library of Congress, 3929)]",0.0
"[Project Number (Library of Congress, 3928)]",0.0
"[Project Number (Library of Congress, 3927)]",0.0
"[Project Number (Library of Congress, 3824)]",0.0
"[Project Number (Library of Congress, 3819)]",0.0
"[Project Number (Library of Congress, 3674)]",0.0
"[Project Number (Library of Congress, 3494)]",0.0
"[Project Number (Library of Congress, 3027)]",0.0
"[Project Number (Library of Congress, 2966)]",0.0
"[Project Number (Library of Congress, 2687)]",0.0
"[Project Number (Library of Congress, 2561)]",0.0
"[Project Number (Library of Congress, 2247)]",0.0
"[Project Number (Library of Congress, 1697)]",0.0
"[Project Number (Library of Congress, 1657_001)]",0.0
"[Printing or Production date (Library of Congress, 529)]",0.0
"[Printing or Production date (Library of Congress, 4388_101_01)]",0.0
"[Printing or Production date (Library of Congress, 4380)]",0.0
"[Printing or Production date (Library of Congress, 4357_005_001)]",0.0
"[Printing or Production date (Library of Congress, 4347_3)]",0.0
"[Printing or Production date (Library of Congress, 4341)]",0.0
"[Printing or Production date (Library of Congress, 4318_003)]",0.0
"[Printing or Production date (Library of Congress, 4318_002)]",0.0
"[Printing or Production date (Library of Congress, 4318_001)]",0.0
"[Printing or Production date (Library of Congress, 4265)]",0.0
"[Printing or Production date (Library of Congress, 4247)]",0.0
"[Printing or Production date (Library of Congress, 4240)]",0.0
"[Printing or Production date (Library of Congress, 4165)]",0.0
"[Printing or Production date (Library of Congress, 4164)]",0.0
"[Printing or Production date (Library of Congress, 3995)]",0.0
"[Printing or Production date (Library of Congress, 3968)]",0.0
"[Printing or Production date (Library of Congress, 3967)]",0.0
"[Printing or Production date (Library of Congress, 3966)]",0.0
"[Printing or Production date (Library of Congress, 3929)]",0.0
"[Printing or Production date (Library of Congress, 3928)]",0.0
"[Printing or Production date (Library of Congress, 3927)]",0.0
"[Printing or Production date (Library of Congress, 3674)]",0.0
"[Printing or Production date (Library of Congress, 3494)]",0.0
"[Printing or Production date (Library of Congress, 3027)]",0.0
"[Printing or Production date (Library of Congress, 2966)]",0.0
"[Printing or Production date (Library of Congress, 2687)]",0.0
"[Printing or Production date (Library of Congress, 2561)]",0.0
"[Printing or Production date (Library of Congress, 2247)]",0.0
"[Printing or Production date (Library of Congress, 1697)]",0.0
"[Printing or Production date (Library of Congress, 1657_001)]",0.0
[Pastel],0.0
[Paper],0.0
[PVA],0.0
[Methylcellulose],0.0
[Magnesium Bicarbonate],0.0
[Machine Made Western Paper],0.0
[Machine Made Paper],0.0
[Linen Thread],0.0
[Library of Congress],0.0
[Leather (Sheep)],0.0
[Leather (Goat)],0.0
[Leather (Calf) ],0.0
[Leather],0.0
[Lascaux 498],0.0
[Lascaux 303],0.0
[Klucel G],0.0
[Heat set tissue],0.0
[Handmade Western Paper],0.0
[Handmade Paper],0.0
[Gellan gum],0.0
[Gelatin],0.0
[Ethanol],0.0
"[Conservation treatment decade (Library of Congress, 529)]",0.0
"[Conservation treatment decade (Library of Congress, 4539_003)]",0.0
"[Conservation treatment decade (Library of Congress, 4388_101_01)]",0.0
"[Conservation treatment decade (Library of Congress, 4380)]",0.0
"[Conservation treatment decade (Library of Congress, 4357_005_001)]",0.0
"[Conservation treatment decade (Library of Congress, 4347_3)]",0.0
"[Conservation treatment decade (Library of Congress, 4341)]",0.0
"[Conservation treatment decade (Library of Congress, 4318_006)]",0.0
"[Conservation treatment decade (Library of Congress, 4318_005)]",0.0
"[Conservation treatment decade (Library of Congress, 4318_003)]",0.0
"[Conservation treatment decade (Library of Congress, 4318_002)]",0.0
"[Conservation treatment decade (Library of Congress, 4318_001)]",0.0
"[Conservation treatment decade (Library of Congress, 4265)]",0.0
"[Conservation treatment decade (Library of Congress, 4247)]",0.0
"[Conservation treatment decade (Library of Congress, 4240)]",0.0
"[Conservation treatment decade (Library of Congress, 4165)]",0.0
"[Conservation treatment decade (Library of Congress, 4164)]",0.0
"[Conservation treatment decade (Library of Congress, 4053)]",0.0
"[Conservation treatment decade (Library of Congress, 3995)]",0.0
"[Conservation treatment decade (Library of Congress, 3994)]",0.0
"[Conservation treatment decade (Library of Congress, 3968)]",0.0
"[Conservation treatment decade (Library of Congress, 3967)]",0.0
"[Conservation treatment decade (Library of Congress, 3966)]",0.0
"[Conservation treatment decade (Library of Congress, 3929)]",0.0
"[Conservation treatment decade (Library of Congress, 3928)]",0.0
"[Conservation treatment decade (Library of Congress, 3927)]",0.0
"[Conservation treatment decade (Library of Congress, 3824)]",0.0
"[Conservation treatment decade (Library of Congress, 3819)]",0.0
"[Conservation treatment decade (Library of Congress, 3674)]",0.0
"[Conservation treatment decade (Library of Congress, 3494)]",0.0
"[Conservation treatment decade (Library of Congress, 3027)]",0.0
"[Conservation treatment decade (Library of Congress, 2966)]",0.0
"[Conservation treatment decade (Library of Congress, 2687)]",0.0
"[Conservation treatment decade (Library of Congress, 2561)]",0.0
"[Conservation treatment decade (Library of Congress, 2247)]",0.0
"[Conservation treatment decade (Library of Congress, 1697)]",0.0
"[Conservation treatment decade (Library of Congress, 1657_001)]",0.0
[Colored Pencils],0.0
[Clasps],0.0
[Chalk Pencils],0.0
[Cast Acrylic ],0.0
[Calcium Phytate],0.0
[Calcium Hydroxide],0.0
[Bookcloth],0.0
[Board],0.0
[Binder's board],0.0
[BASF leather dye],0.0
"[Attribute assignment decade (Library of Congress, 529)]",0.0
"[Attribute assignment decade (Library of Congress, 4539_003)]",0.0
"[Attribute assignment decade (Library of Congress, 4388_101_01)]",0.0
"[Attribute assignment decade (Library of Congress, 4380)]",0.0
"[Attribute assignment decade (Library of Congress, 4357_005_001)]",0.0
"[Attribute assignment decade (Library of Congress, 4347_3)]",0.0
"[Attribute assignment decade (Library of Congress, 4341)]",0.0
"[Attribute assignment decade (Library of Congress, 4318_006)]",0.0
"[Attribute assignment decade (Library of Congress, 4318_005)]",0.0
"[Attribute assignment decade (Library of Congress, 4318_003)]",0.0
"[Attribute assignment decade (Library of Congress, 4318_002)]",0.0
"[Attribute assignment decade (Library of Congress, 4318_001)]",0.0
"[Attribute assignment decade (Library of Congress, 4265)]",0.0
"[Attribute assignment decade (Library of Congress, 4247)]",0.0
"[Attribute assignment decade (Library of Congress, 4240)]",0.0
"[Attribute assignment decade (Library of Congress, 4165)]",0.0
"[Attribute assignment decade (Library of Congress, 4164)]",0.0
"[Attribute assignment decade (Library of Congress, 4053)]",0.0
"[Attribute assignment decade (Library of Congress, 3995)]",0.0
"[Attribute assignment decade (Library of Congress, 3994)]",0.0
"[Attribute assignment decade (Library of Congress, 3968)]",0.0
"[Attribute assignment decade (Library of Congress, 3967)]",0.0
"[Attribute assignment decade (Library of Congress, 3966)]",0.0
"[Attribute assignment decade (Library of Congress, 3929)]",0.0
"[Attribute assignment decade (Library of Congress, 3928)]",0.0
"[Attribute assignment decade (Library of Congress, 3927)]",0.0
"[Attribute assignment decade (Library of Congress, 3824)]",0.0
"[Attribute assignment decade (Library of Congress, 3819)]",0.0
"[Attribute assignment decade (Library of Congress, 3674)]",0.0
"[Attribute assignment decade (Library of Congress, 3494)]",0.0
"[Attribute assignment decade (Library of Congress, 3027)]",0.0
"[Attribute assignment decade (Library of Congress, 2966)]",0.0
"[Attribute assignment decade (Library of Congress, 2687)]",0.0
"[Attribute assignment decade (Library of Congress, 2561)]",0.0
"[Attribute assignment decade (Library of Congress, 2247)]",0.0
"[Attribute assignment decade (Library of Congress, 1697)]",0.0
"[Attribute assignment decade (Library of Congress, 1657_001)]",0.0
[Asian Paper],0.0
[Aquazol],0.0
[Agarose Gel],0.0
[Acrylic paint],0.0